USE [master]
GO
/****** Object:  Database [ACCESS CONTROL]    Script Date: 6/22/2020 9:01:18 PM ******/
CREATE DATABASE [ACCESS CONTROL]
 CONTAINMENT = NONE
 ON  PRIMARY 
( NAME = N'AuthenticationService', FILENAME = N'C:\Program Files\Microsoft SQL Server\MSSQL14.SQLEXPRESS\MSSQL\DATA\AuthenticationService.mdf' , SIZE = 8192KB , MAXSIZE = UNLIMITED, FILEGROWTH = 65536KB )
 LOG ON 
( NAME = N'AuthenticationService_log', FILENAME = N'C:\Program Files\Microsoft SQL Server\MSSQL14.SQLEXPRESS\MSSQL\DATA\AuthenticationService_log.ldf' , SIZE = 8192KB , MAXSIZE = 2048GB , FILEGROWTH = 65536KB )
GO
IF (1 = FULLTEXTSERVICEPROPERTY('IsFullTextInstalled'))
begin
EXEC [ACCESS CONTROL].[dbo].[sp_fulltext_database] @action = 'enable'
end
GO
ALTER DATABASE [ACCESS CONTROL] SET ANSI_NULL_DEFAULT OFF 
GO
ALTER DATABASE [ACCESS CONTROL] SET ANSI_NULLS OFF 
GO
ALTER DATABASE [ACCESS CONTROL] SET ANSI_PADDING OFF 
GO
ALTER DATABASE [ACCESS CONTROL] SET ANSI_WARNINGS OFF 
GO
ALTER DATABASE [ACCESS CONTROL] SET ARITHABORT OFF 
GO
ALTER DATABASE [ACCESS CONTROL] SET AUTO_CLOSE OFF 
GO
ALTER DATABASE [ACCESS CONTROL] SET AUTO_SHRINK OFF 
GO
ALTER DATABASE [ACCESS CONTROL] SET AUTO_UPDATE_STATISTICS ON 
GO
ALTER DATABASE [ACCESS CONTROL] SET CURSOR_CLOSE_ON_COMMIT OFF 
GO
ALTER DATABASE [ACCESS CONTROL] SET CURSOR_DEFAULT  GLOBAL 
GO
ALTER DATABASE [ACCESS CONTROL] SET CONCAT_NULL_YIELDS_NULL OFF 
GO
ALTER DATABASE [ACCESS CONTROL] SET NUMERIC_ROUNDABORT OFF 
GO
ALTER DATABASE [ACCESS CONTROL] SET QUOTED_IDENTIFIER OFF 
GO
ALTER DATABASE [ACCESS CONTROL] SET RECURSIVE_TRIGGERS OFF 
GO
ALTER DATABASE [ACCESS CONTROL] SET  DISABLE_BROKER 
GO
ALTER DATABASE [ACCESS CONTROL] SET AUTO_UPDATE_STATISTICS_ASYNC OFF 
GO
ALTER DATABASE [ACCESS CONTROL] SET DATE_CORRELATION_OPTIMIZATION OFF 
GO
ALTER DATABASE [ACCESS CONTROL] SET TRUSTWORTHY OFF 
GO
ALTER DATABASE [ACCESS CONTROL] SET ALLOW_SNAPSHOT_ISOLATION OFF 
GO
ALTER DATABASE [ACCESS CONTROL] SET PARAMETERIZATION SIMPLE 
GO
ALTER DATABASE [ACCESS CONTROL] SET READ_COMMITTED_SNAPSHOT OFF 
GO
ALTER DATABASE [ACCESS CONTROL] SET HONOR_BROKER_PRIORITY OFF 
GO
ALTER DATABASE [ACCESS CONTROL] SET RECOVERY SIMPLE 
GO
ALTER DATABASE [ACCESS CONTROL] SET  MULTI_USER 
GO
ALTER DATABASE [ACCESS CONTROL] SET PAGE_VERIFY CHECKSUM  
GO
ALTER DATABASE [ACCESS CONTROL] SET DB_CHAINING OFF 
GO
ALTER DATABASE [ACCESS CONTROL] SET FILESTREAM( NON_TRANSACTED_ACCESS = OFF ) 
GO
ALTER DATABASE [ACCESS CONTROL] SET TARGET_RECOVERY_TIME = 60 SECONDS 
GO
USE [ACCESS CONTROL]
GO
/****** Object:  Table [dbo].[ACCESS_CONTROL]    Script Date: 6/22/2020 9:01:19 PM ******/
SET ANSI_NULLS ON
GO
SET QUOTED_IDENTIFIER ON
GO
CREATE TABLE [dbo].[ACCESS_CONTROL](
	[ACCESS_CONTROL_ID] [nchar](10) NOT NULL,
	[USER_NAME] [varchar](50) NOT NULL,
	[GROUP_ID] [varchar](50) NOT NULL,
	[FUNCTION_ID] [char](20) NOT NULL,
 CONSTRAINT [PK_ACCESS_CONTROL_1] PRIMARY KEY CLUSTERED 
(
	[ACCESS_CONTROL_ID] ASC
)WITH (PAD_INDEX = OFF, STATISTICS_NORECOMPUTE = OFF, IGNORE_DUP_KEY = OFF, ALLOW_ROW_LOCKS = ON, ALLOW_PAGE_LOCKS = ON) ON [PRIMARY]
) ON [PRIMARY]
GO
/****** Object:  Table [dbo].[FUNCTIONS]    Script Date: 6/22/2020 9:01:19 PM ******/
SET ANSI_NULLS ON
GO
SET QUOTED_IDENTIFIER ON
GO
CREATE TABLE [dbo].[FUNCTIONS](
	[FUNCTION_ID] [char](20) NOT NULL,
	[FUNCTION_NAME] [nvarchar](100) NOT NULL,
	[METHOD_ID] [char](20) NOT NULL,
	[DESCRIPTION] [nvarchar](300) NULL,
 CONSTRAINT [PK_FUNCTIONS] PRIMARY KEY CLUSTERED 
(
	[FUNCTION_ID] ASC
)WITH (PAD_INDEX = OFF, STATISTICS_NORECOMPUTE = OFF, IGNORE_DUP_KEY = OFF, ALLOW_ROW_LOCKS = ON, ALLOW_PAGE_LOCKS = ON) ON [PRIMARY]
) ON [PRIMARY]
GO
/****** Object:  Table [dbo].[GROUPS]    Script Date: 6/22/2020 9:01:19 PM ******/
SET ANSI_NULLS ON
GO
SET QUOTED_IDENTIFIER ON
GO
CREATE TABLE [dbo].[GROUPS](
	[GROUP_ID] [varchar](50) NOT NULL,
	[GROUP_NAME] [nvarchar](50) NOT NULL,
	[DESCRIPTION] [nvarchar](300) NULL,
 CONSTRAINT [PK_GROUPS] PRIMARY KEY CLUSTERED 
(
	[GROUP_ID] ASC
)WITH (PAD_INDEX = OFF, STATISTICS_NORECOMPUTE = OFF, IGNORE_DUP_KEY = OFF, ALLOW_ROW_LOCKS = ON, ALLOW_PAGE_LOCKS = ON) ON [PRIMARY]
) ON [PRIMARY]
GO
/****** Object:  Table [dbo].[METHODS]    Script Date: 6/22/2020 9:01:19 PM ******/
SET ANSI_NULLS ON
GO
SET QUOTED_IDENTIFIER ON
GO
CREATE TABLE [dbo].[METHODS](
	[METHOD_ID] [char](20) NOT NULL,
	[METHOD_NAME] [nvarchar](100) NOT NULL,
 CONSTRAINT [PK_METHODS] PRIMARY KEY CLUSTERED 
(
	[METHOD_ID] ASC
)WITH (PAD_INDEX = OFF, STATISTICS_NORECOMPUTE = OFF, IGNORE_DUP_KEY = OFF, ALLOW_ROW_LOCKS = ON, ALLOW_PAGE_LOCKS = ON) ON [PRIMARY]
) ON [PRIMARY]
GO
/****** Object:  Table [dbo].[USER]    Script Date: 6/22/2020 9:01:19 PM ******/
SET ANSI_NULLS ON
GO
SET QUOTED_IDENTIFIER ON
GO
CREATE TABLE [dbo].[USER](
	[USER_NAME] [varchar](50) NOT NULL,
	[PASSWORD] [varchar](50) NOT NULL,
	[FULL_NAME] [nvarchar](100) NULL,
 CONSTRAINT [PK_USER] PRIMARY KEY CLUSTERED 
(
	[USER_NAME] ASC
)WITH (PAD_INDEX = OFF, STATISTICS_NORECOMPUTE = OFF, IGNORE_DUP_KEY = OFF, ALLOW_ROW_LOCKS = ON, ALLOW_PAGE_LOCKS = ON) ON [PRIMARY]
) ON [PRIMARY]
GO
/****** Object:  Table [dbo].[USER_GROUPS]    Script Date: 6/22/2020 9:01:19 PM ******/
SET ANSI_NULLS ON
GO
SET QUOTED_IDENTIFIER ON
GO
CREATE TABLE [dbo].[USER_GROUPS](
	[USER_NAME] [varchar](50) NOT NULL,
	[GROUP_ID] [varchar](50) NOT NULL,
 CONSTRAINT [PK_USER_GROUPS] PRIMARY KEY CLUSTERED 
(
	[USER_NAME] ASC,
	[GROUP_ID] ASC
)WITH (PAD_INDEX = OFF, STATISTICS_NORECOMPUTE = OFF, IGNORE_DUP_KEY = OFF, ALLOW_ROW_LOCKS = ON, ALLOW_PAGE_LOCKS = ON) ON [PRIMARY]
) ON [PRIMARY]
GO
INSERT [dbo].[ACCESS_CONTROL] ([ACCESS_CONTROL_ID], [USER_NAME], [GROUP_ID], [FUNCTION_ID]) VALUES (N'ac1       ', N'ceo_hoan', N'ceo', N'vi1                 ')
INSERT [dbo].[ACCESS_CONTROL] ([ACCESS_CONTROL_ID], [USER_NAME], [GROUP_ID], [FUNCTION_ID]) VALUES (N'ac10      ', N'hrm_ni', N'hrm', N'al1                 ')
INSERT [dbo].[ACCESS_CONTROL] ([ACCESS_CONTROL_ID], [USER_NAME], [GROUP_ID], [FUNCTION_ID]) VALUES (N'ac11      ', N'hrm_ni', N'hrm', N'al2                 ')
INSERT [dbo].[ACCESS_CONTROL] ([ACCESS_CONTROL_ID], [USER_NAME], [GROUP_ID], [FUNCTION_ID]) VALUES (N'ac12      ', N'hrm_ni', N'shd', N'vi1                 ')
INSERT [dbo].[ACCESS_CONTROL] ([ACCESS_CONTROL_ID], [USER_NAME], [GROUP_ID], [FUNCTION_ID]) VALUES (N'ac13      ', N'prm_phu', N'prm', N'vi3                 ')
INSERT [dbo].[ACCESS_CONTROL] ([ACCESS_CONTROL_ID], [USER_NAME], [GROUP_ID], [FUNCTION_ID]) VALUES (N'ac14      ', N'prm_phu', N'prm', N'al1                 ')
INSERT [dbo].[ACCESS_CONTROL] ([ACCESS_CONTROL_ID], [USER_NAME], [GROUP_ID], [FUNCTION_ID]) VALUES (N'ac15      ', N'prm_phu', N'prm', N'al3                 ')
INSERT [dbo].[ACCESS_CONTROL] ([ACCESS_CONTROL_ID], [USER_NAME], [GROUP_ID], [FUNCTION_ID]) VALUES (N'ac16      ', N'prm_phu', N'shd', N'vi1                 ')
INSERT [dbo].[ACCESS_CONTROL] ([ACCESS_CONTROL_ID], [USER_NAME], [GROUP_ID], [FUNCTION_ID]) VALUES (N'ac17      ', N'prm_toi', N'prm', N'vi3                 ')
INSERT [dbo].[ACCESS_CONTROL] ([ACCESS_CONTROL_ID], [USER_NAME], [GROUP_ID], [FUNCTION_ID]) VALUES (N'ac18      ', N'prm_toi', N'prm', N'al1                 ')
INSERT [dbo].[ACCESS_CONTROL] ([ACCESS_CONTROL_ID], [USER_NAME], [GROUP_ID], [FUNCTION_ID]) VALUES (N'ac19      ', N'prm_toi', N'prm', N'al3                 ')
INSERT [dbo].[ACCESS_CONTROL] ([ACCESS_CONTROL_ID], [USER_NAME], [GROUP_ID], [FUNCTION_ID]) VALUES (N'ac2       ', N'ceo_hoan', N'ceo', N'vi2                 ')
INSERT [dbo].[ACCESS_CONTROL] ([ACCESS_CONTROL_ID], [USER_NAME], [GROUP_ID], [FUNCTION_ID]) VALUES (N'ac20      ', N'ceo_hoan', N'ceo', N'al4                 ')
INSERT [dbo].[ACCESS_CONTROL] ([ACCESS_CONTROL_ID], [USER_NAME], [GROUP_ID], [FUNCTION_ID]) VALUES (N'ac21      ', N'ceo_hoan', N'ceo', N'ad1                 ')
INSERT [dbo].[ACCESS_CONTROL] ([ACCESS_CONTROL_ID], [USER_NAME], [GROUP_ID], [FUNCTION_ID]) VALUES (N'ac22      ', N'ceo_hoan', N'ceo', N'ed1                 ')
INSERT [dbo].[ACCESS_CONTROL] ([ACCESS_CONTROL_ID], [USER_NAME], [GROUP_ID], [FUNCTION_ID]) VALUES (N'ac23      ', N'ceo_hoan', N'ceo', N'ed2                 ')
INSERT [dbo].[ACCESS_CONTROL] ([ACCESS_CONTROL_ID], [USER_NAME], [GROUP_ID], [FUNCTION_ID]) VALUES (N'ac24      ', N'ceo_hoan', N'ceo', N'al4                 ')
INSERT [dbo].[ACCESS_CONTROL] ([ACCESS_CONTROL_ID], [USER_NAME], [GROUP_ID], [FUNCTION_ID]) VALUES (N'ac3       ', N'ceo_hoan', N'ceo', N'vi3                 ')
INSERT [dbo].[ACCESS_CONTROL] ([ACCESS_CONTROL_ID], [USER_NAME], [GROUP_ID], [FUNCTION_ID]) VALUES (N'ac4       ', N'ceo_hoan', N'ceo', N'mn1                 ')
INSERT [dbo].[ACCESS_CONTROL] ([ACCESS_CONTROL_ID], [USER_NAME], [GROUP_ID], [FUNCTION_ID]) VALUES (N'ac5       ', N'ceo_hoan', N'ceo', N'al1                 ')
INSERT [dbo].[ACCESS_CONTROL] ([ACCESS_CONTROL_ID], [USER_NAME], [GROUP_ID], [FUNCTION_ID]) VALUES (N'ac6       ', N'ceo_hoan', N'ceo', N'al2                 ')
INSERT [dbo].[ACCESS_CONTROL] ([ACCESS_CONTROL_ID], [USER_NAME], [GROUP_ID], [FUNCTION_ID]) VALUES (N'ac7       ', N'hrm_thuong', N'hrm', N'vi2                 ')
INSERT [dbo].[ACCESS_CONTROL] ([ACCESS_CONTROL_ID], [USER_NAME], [GROUP_ID], [FUNCTION_ID]) VALUES (N'ac8       ', N'hrm_thuong', N'hrm', N'al1                 ')
INSERT [dbo].[ACCESS_CONTROL] ([ACCESS_CONTROL_ID], [USER_NAME], [GROUP_ID], [FUNCTION_ID]) VALUES (N'ac9       ', N'hrm_ni', N'hrm', N'vi2                 ')
GO
INSERT [dbo].[FUNCTIONS] ([FUNCTION_ID], [FUNCTION_NAME], [METHOD_ID], [DESCRIPTION]) VALUES (N'ad1                 ', N'Add employee', N'ed                  ', N'Thêm thông tin nhân viên')
INSERT [dbo].[FUNCTIONS] ([FUNCTION_ID], [FUNCTION_NAME], [METHOD_ID], [DESCRIPTION]) VALUES (N'al1                 ', N'Alert employee''s date of birth in month', N'al                  ', N'Thông báo ngày sinh trong tháng của nhân viên')
INSERT [dbo].[FUNCTIONS] ([FUNCTION_ID], [FUNCTION_NAME], [METHOD_ID], [DESCRIPTION]) VALUES (N'al2                 ', N'Alert employee''s total number of day off', N'al                  ', N'Thông báo ngày nghỉ của nhân viên và số ngày nghỉ vượt quá giới hạn của họ')
INSERT [dbo].[FUNCTIONS] ([FUNCTION_ID], [FUNCTION_NAME], [METHOD_ID], [DESCRIPTION]) VALUES (N'al3                 ', N'Alert the changing of employee day off and pay plan', N'al                  ', N'Thông báo số ngày nghỉ quá giới hạn và số lương thay đổi')
INSERT [dbo].[FUNCTIONS] ([FUNCTION_ID], [FUNCTION_NAME], [METHOD_ID], [DESCRIPTION]) VALUES (N'al4                 ', N'Alert employee''s hiring anniversary', N'al                  ', N'Thông báo kỷ niệm ngày tuyển dụng nhân viên vào công ty')
INSERT [dbo].[FUNCTIONS] ([FUNCTION_ID], [FUNCTION_NAME], [METHOD_ID], [DESCRIPTION]) VALUES (N'ed1                 ', N'Edit employee information', N'ed                  ', N'Sửa thông tin nhân viên')
INSERT [dbo].[FUNCTIONS] ([FUNCTION_ID], [FUNCTION_NAME], [METHOD_ID], [DESCRIPTION]) VALUES (N'ed2                 ', N'Kick employee', N'ed                  ', N'Nhân viên nghỉ việc')
INSERT [dbo].[FUNCTIONS] ([FUNCTION_ID], [FUNCTION_NAME], [METHOD_ID], [DESCRIPTION]) VALUES (N'mn1                 ', N'Manage account', N'mn                  ', N'Quản lý quyền truy cập của tài khoản')
INSERT [dbo].[FUNCTIONS] ([FUNCTION_ID], [FUNCTION_NAME], [METHOD_ID], [DESCRIPTION]) VALUES (N'vi1                 ', N'View Profit', N'vi                  ', N'Xem thông tin lương trung bình của nhân viên')
INSERT [dbo].[FUNCTIONS] ([FUNCTION_ID], [FUNCTION_NAME], [METHOD_ID], [DESCRIPTION]) VALUES (N'vi2                 ', N'View employee''s information', N'vi                  ', N'Xem thông tin nhân viên ')
INSERT [dbo].[FUNCTIONS] ([FUNCTION_ID], [FUNCTION_NAME], [METHOD_ID], [DESCRIPTION]) VALUES (N'vi3                 ', N'View employee''s payroll', N'vi                  ', N'Xem thông tin bảng lương nhân viên')
GO
INSERT [dbo].[GROUPS] ([GROUP_ID], [GROUP_NAME], [DESCRIPTION]) VALUES (N'ceo', N'Chief Executive Officer', N'Giám đốc điều hành')
INSERT [dbo].[GROUPS] ([GROUP_ID], [GROUP_NAME], [DESCRIPTION]) VALUES (N'hrm', N'Human Resource Manager', N'Quản lý nhân sự')
INSERT [dbo].[GROUPS] ([GROUP_ID], [GROUP_NAME], [DESCRIPTION]) VALUES (N'prm', N'Payroll Manager', N'Quản lý tài chính')
INSERT [dbo].[GROUPS] ([GROUP_ID], [GROUP_NAME], [DESCRIPTION]) VALUES (N'shd', N'Share Holder', N'Cổ đông')
GO
INSERT [dbo].[METHODS] ([METHOD_ID], [METHOD_NAME]) VALUES (N'al                  ', N'Alert')
INSERT [dbo].[METHODS] ([METHOD_ID], [METHOD_NAME]) VALUES (N'ed                  ', N'Edit Employee Information')
INSERT [dbo].[METHODS] ([METHOD_ID], [METHOD_NAME]) VALUES (N'mn                  ', N'Manage')
INSERT [dbo].[METHODS] ([METHOD_ID], [METHOD_NAME]) VALUES (N'vi                  ', N'View Information')
GO
INSERT [dbo].[USER] ([USER_NAME], [PASSWORD], [FULL_NAME]) VALUES (N'ceo_hoan', N'hoan123', N'Phạm Lê Hoàn')
INSERT [dbo].[USER] ([USER_NAME], [PASSWORD], [FULL_NAME]) VALUES (N'hrm_ni', N'hoan12345', N'Nguyễn Thị Bích Ni')
INSERT [dbo].[USER] ([USER_NAME], [PASSWORD], [FULL_NAME]) VALUES (N'hrm_thuong', N'hoan12345', N'Huỳnh Thị Quý Thương')
INSERT [dbo].[USER] ([USER_NAME], [PASSWORD], [FULL_NAME]) VALUES (N'prm_phu', N'hoan12345', N'Nguyễn Thành Phú')
INSERT [dbo].[USER] ([USER_NAME], [PASSWORD], [FULL_NAME]) VALUES (N'prm_toi', N'hoan12345', N'Nguyễn Văn Minh Tới')
GO
INSERT [dbo].[USER_GROUPS] ([USER_NAME], [GROUP_ID]) VALUES (N'ceo_hoan', N'ceo')
INSERT [dbo].[USER_GROUPS] ([USER_NAME], [GROUP_ID]) VALUES (N'hrm_ni', N'hrm')
INSERT [dbo].[USER_GROUPS] ([USER_NAME], [GROUP_ID]) VALUES (N'hrm_ni', N'shd')
INSERT [dbo].[USER_GROUPS] ([USER_NAME], [GROUP_ID]) VALUES (N'hrm_thuong', N'hrm')
INSERT [dbo].[USER_GROUPS] ([USER_NAME], [GROUP_ID]) VALUES (N'prm_phu', N'prm')
INSERT [dbo].[USER_GROUPS] ([USER_NAME], [GROUP_ID]) VALUES (N'prm_phu', N'shd')
INSERT [dbo].[USER_GROUPS] ([USER_NAME], [GROUP_ID]) VALUES (N'prm_toi', N'prm')
GO
ALTER TABLE [dbo].[ACCESS_CONTROL]  WITH CHECK ADD  CONSTRAINT [FK_ACCESS_CONTROL_FUNCTIONS1] FOREIGN KEY([FUNCTION_ID])
REFERENCES [dbo].[FUNCTIONS] ([FUNCTION_ID])
GO
ALTER TABLE [dbo].[ACCESS_CONTROL] CHECK CONSTRAINT [FK_ACCESS_CONTROL_FUNCTIONS1]
GO
ALTER TABLE [dbo].[ACCESS_CONTROL]  WITH CHECK ADD  CONSTRAINT [FK_ACCESS_CONTROL_GROUPS1] FOREIGN KEY([GROUP_ID])
REFERENCES [dbo].[GROUPS] ([GROUP_ID])
GO
ALTER TABLE [dbo].[ACCESS_CONTROL] CHECK CONSTRAINT [FK_ACCESS_CONTROL_GROUPS1]
GO
ALTER TABLE [dbo].[ACCESS_CONTROL]  WITH CHECK ADD  CONSTRAINT [FK_ACCESS_CONTROL_USER] FOREIGN KEY([USER_NAME])
REFERENCES [dbo].[USER] ([USER_NAME])
GO
ALTER TABLE [dbo].[ACCESS_CONTROL] CHECK CONSTRAINT [FK_ACCESS_CONTROL_USER]
GO
ALTER TABLE [dbo].[FUNCTIONS]  WITH CHECK ADD  CONSTRAINT [FK_FUNCTIONS_METHODS] FOREIGN KEY([METHOD_ID])
REFERENCES [dbo].[METHODS] ([METHOD_ID])
GO
ALTER TABLE [dbo].[FUNCTIONS] CHECK CONSTRAINT [FK_FUNCTIONS_METHODS]
GO
ALTER TABLE [dbo].[USER_GROUPS]  WITH CHECK ADD  CONSTRAINT [FK_USER_GROUPS_GROUPS] FOREIGN KEY([GROUP_ID])
REFERENCES [dbo].[GROUPS] ([GROUP_ID])
GO
ALTER TABLE [dbo].[USER_GROUPS] CHECK CONSTRAINT [FK_USER_GROUPS_GROUPS]
GO
ALTER TABLE [dbo].[USER_GROUPS]  WITH CHECK ADD  CONSTRAINT [FK_USER_GROUPS_USER1] FOREIGN KEY([USER_NAME])
REFERENCES [dbo].[USER] ([USER_NAME])
GO
ALTER TABLE [dbo].[USER_GROUPS] CHECK CONSTRAINT [FK_USER_GROUPS_USER1]
GO
USE [master]
GO
ALTER DATABASE [ACCESS CONTROL] SET  READ_WRITE 
GO
