USE [master]
GO
/****** Object:  Database [HRM]    Script Date: 6/22/2020 9:03:31 PM ******/
CREATE DATABASE [HRM]
 CONTAINMENT = NONE
 ON  PRIMARY 
( NAME = N'HRM', FILENAME = N'C:\Program Files\Microsoft SQL Server\MSSQL14.SQLEXPRESS\MSSQL\DATA\HRM.mdf' , SIZE = 8192KB , MAXSIZE = UNLIMITED, FILEGROWTH = 65536KB )
 LOG ON 
( NAME = N'HRM_log', FILENAME = N'C:\Program Files\Microsoft SQL Server\MSSQL14.SQLEXPRESS\MSSQL\DATA\HRM_log.ldf' , SIZE = 8192KB , MAXSIZE = 2048GB , FILEGROWTH = 65536KB )
GO
IF (1 = FULLTEXTSERVICEPROPERTY('IsFullTextInstalled'))
begin
EXEC [HRM].[dbo].[sp_fulltext_database] @action = 'enable'
end
GO
ALTER DATABASE [HRM] SET ANSI_NULL_DEFAULT OFF 
GO
ALTER DATABASE [HRM] SET ANSI_NULLS OFF 
GO
ALTER DATABASE [HRM] SET ANSI_PADDING OFF 
GO
ALTER DATABASE [HRM] SET ANSI_WARNINGS OFF 
GO
ALTER DATABASE [HRM] SET ARITHABORT OFF 
GO
ALTER DATABASE [HRM] SET AUTO_CLOSE ON 
GO
ALTER DATABASE [HRM] SET AUTO_SHRINK OFF 
GO
ALTER DATABASE [HRM] SET AUTO_UPDATE_STATISTICS ON 
GO
ALTER DATABASE [HRM] SET CURSOR_CLOSE_ON_COMMIT OFF 
GO
ALTER DATABASE [HRM] SET CURSOR_DEFAULT  GLOBAL 
GO
ALTER DATABASE [HRM] SET CONCAT_NULL_YIELDS_NULL OFF 
GO
ALTER DATABASE [HRM] SET NUMERIC_ROUNDABORT OFF 
GO
ALTER DATABASE [HRM] SET QUOTED_IDENTIFIER OFF 
GO
ALTER DATABASE [HRM] SET RECURSIVE_TRIGGERS OFF 
GO
ALTER DATABASE [HRM] SET  DISABLE_BROKER 
GO
ALTER DATABASE [HRM] SET AUTO_UPDATE_STATISTICS_ASYNC OFF 
GO
ALTER DATABASE [HRM] SET DATE_CORRELATION_OPTIMIZATION OFF 
GO
ALTER DATABASE [HRM] SET TRUSTWORTHY OFF 
GO
ALTER DATABASE [HRM] SET ALLOW_SNAPSHOT_ISOLATION OFF 
GO
ALTER DATABASE [HRM] SET PARAMETERIZATION SIMPLE 
GO
ALTER DATABASE [HRM] SET READ_COMMITTED_SNAPSHOT OFF 
GO
ALTER DATABASE [HRM] SET HONOR_BROKER_PRIORITY OFF 
GO
ALTER DATABASE [HRM] SET RECOVERY SIMPLE 
GO
ALTER DATABASE [HRM] SET  MULTI_USER 
GO
ALTER DATABASE [HRM] SET PAGE_VERIFY CHECKSUM  
GO
ALTER DATABASE [HRM] SET DB_CHAINING OFF 
GO
ALTER DATABASE [HRM] SET FILESTREAM( NON_TRANSACTED_ACCESS = OFF ) 
GO
ALTER DATABASE [HRM] SET TARGET_RECOVERY_TIME = 60 SECONDS 
GO
USE [HRM]
GO
/****** Object:  Table [dbo].[BENEFIT_PLANS]    Script Date: 6/22/2020 9:03:31 PM ******/
SET ANSI_NULLS ON
GO
SET QUOTED_IDENTIFIER ON
GO
CREATE TABLE [dbo].[BENEFIT_PLANS](
	[BENEFIT_PLANS_ID] [numeric](18, 0) NOT NULL,
	[PLAN_NAME] [nchar](10) NULL,
	[DEDUCTABLE] [money] NULL,
	[PERCENTAGE_COPAY] [numeric](18, 0) NULL,
 CONSTRAINT [PK_BENEFIT_PLANS] PRIMARY KEY CLUSTERED 
(
	[BENEFIT_PLANS_ID] ASC
)WITH (PAD_INDEX = OFF, STATISTICS_NORECOMPUTE = OFF, IGNORE_DUP_KEY = OFF, ALLOW_ROW_LOCKS = ON, ALLOW_PAGE_LOCKS = ON) ON [PRIMARY]
) ON [PRIMARY]
GO
/****** Object:  Table [dbo].[EMPLOYMENT]    Script Date: 6/22/2020 9:03:31 PM ******/
SET ANSI_NULLS ON
GO
SET QUOTED_IDENTIFIER ON
GO
CREATE TABLE [dbo].[EMPLOYMENT](
	[EMPLOYMENT_ID] [nvarchar](50) NOT NULL,
	[EMPLOYMENT_STATUS] [nchar](10) NULL,
	[HIRE_DATE_FOR_WORKING] [date] NULL,
	[WORKERS_COMP_CODE] [nchar](10) NULL,
	[TERMINATION_DATE] [date] NULL,
	[REHIRE_DATE_FOR_WORKING] [date] NULL,
	[LAST_REVIEW_DATE] [date] NULL,
	[NUMBER_DAYS_REQUIREMENT_OF_WORKING_PER_MONTH] [numeric](18, 0) NULL,
 CONSTRAINT [PK_EMPLOYMENT] PRIMARY KEY CLUSTERED 
(
	[EMPLOYMENT_ID] ASC
)WITH (PAD_INDEX = OFF, STATISTICS_NORECOMPUTE = OFF, IGNORE_DUP_KEY = OFF, ALLOW_ROW_LOCKS = ON, ALLOW_PAGE_LOCKS = ON) ON [PRIMARY]
) ON [PRIMARY]
GO
/****** Object:  Table [dbo].[EMPLOYMENT_WORKING_TIME]    Script Date: 6/22/2020 9:03:31 PM ******/
SET ANSI_NULLS ON
GO
SET QUOTED_IDENTIFIER ON
GO
CREATE TABLE [dbo].[EMPLOYMENT_WORKING_TIME](
	[EMPLOYMENT_WORKING_TIME_ID] [numeric](18, 0) NOT NULL,
	[EMPLOYMENT_ID] [nvarchar](50) NULL,
	[YEAR_WORKING] [date] NULL,
	[MONTH_WORKING] [numeric](2, 0) NULL,
	[NUMBER_DAYS_ACTUAL_OF_WORKING_PER_MONTH] [numeric](2, 0) NULL,
	[TOTAL_NUMBER_VACATION_WORKING_DAYS_PER_MONTH] [numeric](2, 0) NULL,
 CONSTRAINT [PK_EMPLOYMENT_WORKING_TIME] PRIMARY KEY CLUSTERED 
(
	[EMPLOYMENT_WORKING_TIME_ID] ASC
)WITH (PAD_INDEX = OFF, STATISTICS_NORECOMPUTE = OFF, IGNORE_DUP_KEY = OFF, ALLOW_ROW_LOCKS = ON, ALLOW_PAGE_LOCKS = ON) ON [PRIMARY]
) ON [PRIMARY]
GO
/****** Object:  Table [dbo].[JOB_HISTORY]    Script Date: 6/22/2020 9:03:31 PM ******/
SET ANSI_NULLS ON
GO
SET QUOTED_IDENTIFIER ON
GO
CREATE TABLE [dbo].[JOB_HISTORY](
	[JOB_HISTORY_ID] [numeric](18, 0) NOT NULL,
	[EMPLOYMENT_ID] [nvarchar](50) NULL,
	[DEPARTMENT] [nvarchar](250) NULL,
	[DIVISION] [nvarchar](250) NULL,
	[FROM_DATE] [date] NULL,
	[THRU_DATE] [date] NULL,
	[JOB_TITLE] [nvarchar](250) NULL,
	[SUPERVISOR] [nvarchar](250) NULL,
	[LOCATION] [nvarchar](250) NULL,
	[TYPE_OF_WORK] [smallint] NULL,
 CONSTRAINT [PK_JOB_HISTORY] PRIMARY KEY CLUSTERED 
(
	[JOB_HISTORY_ID] ASC
)WITH (PAD_INDEX = OFF, STATISTICS_NORECOMPUTE = OFF, IGNORE_DUP_KEY = OFF, ALLOW_ROW_LOCKS = ON, ALLOW_PAGE_LOCKS = ON) ON [PRIMARY]
) ON [PRIMARY]
GO
/****** Object:  Table [dbo].[PERSONAL]    Script Date: 6/22/2020 9:03:31 PM ******/
SET ANSI_NULLS ON
GO
SET QUOTED_IDENTIFIER ON
GO
CREATE TABLE [dbo].[PERSONAL](
	[PERSONAL_ID] [numeric](18, 0) NOT NULL,
	[EMPLOYEE_ID] [nvarchar](50) NULL,
	[CURRENT_FIRST_NAME] [nvarchar](50) NULL,
	[CURRENT_LAST_NAME] [nvarchar](max) NULL,
	[CURRENT_MIDDLE_NAME] [nvarchar](50) NULL,
	[BIRTH_DATE] [date] NULL,
	[SOCIAL_SECURITY_NUMBER] [nvarchar](20) NULL,
	[DRIVERS_LICENSE] [nvarchar](50) NULL,
	[CURRENT_ADDRESS_1] [nvarchar](255) NULL,
	[CURRENT_ADDRESS_2] [nvarchar](255) NULL,
	[CURRENT_CITY] [nvarchar](100) NULL,
	[CURRENT_COUNTRY] [nvarchar](100) NULL,
	[CURRENT_ZIP] [numeric](18, 0) NULL,
	[CURRENT_GENDER] [nvarchar](20) NULL,
	[CURRENT_PHONE_NUMBER] [nvarchar](15) NULL,
	[CURRENT_PERSONAL_EMAIL] [nvarchar](50) NULL,
	[CURRENT_MARITAL_STATUS] [nvarchar](50) NULL,
	[ETHNICITY] [nchar](10) NULL,
	[SHAREHOLDER_STATUS] [smallint] NULL,
	[BENEFIT_PLAN_ID] [numeric](18, 0) NULL,
 CONSTRAINT [PK_PERSONAL] PRIMARY KEY CLUSTERED 
(
	[PERSONAL_ID] ASC
)WITH (PAD_INDEX = OFF, STATISTICS_NORECOMPUTE = OFF, IGNORE_DUP_KEY = OFF, ALLOW_ROW_LOCKS = ON, ALLOW_PAGE_LOCKS = ON) ON [PRIMARY]
) ON [PRIMARY] TEXTIMAGE_ON [PRIMARY]
GO
INSERT [dbo].[BENEFIT_PLANS] ([BENEFIT_PLANS_ID], [PLAN_NAME], [DEDUCTABLE], [PERCENTAGE_COPAY]) VALUES (CAST(1 AS Numeric(18, 0)), N'Overtime  ', 1000000000.0000, NULL)
INSERT [dbo].[BENEFIT_PLANS] ([BENEFIT_PLANS_ID], [PLAN_NAME], [DEDUCTABLE], [PERCENTAGE_COPAY]) VALUES (CAST(2 AS Numeric(18, 0)), N'Allowance ', 2000000000.0000, NULL)
INSERT [dbo].[BENEFIT_PLANS] ([BENEFIT_PLANS_ID], [PLAN_NAME], [DEDUCTABLE], [PERCENTAGE_COPAY]) VALUES (CAST(3 AS Numeric(18, 0)), N'Commission', 500000.0000, NULL)
INSERT [dbo].[BENEFIT_PLANS] ([BENEFIT_PLANS_ID], [PLAN_NAME], [DEDUCTABLE], [PERCENTAGE_COPAY]) VALUES (CAST(4 AS Numeric(18, 0)), N'Bonus     ', 2500000.0000, NULL)
GO
INSERT [dbo].[EMPLOYMENT] ([EMPLOYMENT_ID], [EMPLOYMENT_STATUS], [HIRE_DATE_FOR_WORKING], [WORKERS_COMP_CODE], [TERMINATION_DATE], [REHIRE_DATE_FOR_WORKING], [LAST_REVIEW_DATE], [NUMBER_DAYS_REQUIREMENT_OF_WORKING_PER_MONTH]) VALUES (N'111', N'Full Time ', CAST(N'2018-08-23' AS Date), NULL, CAST(N'2018-08-24' AS Date), CAST(N'2019-01-02' AS Date), NULL, CAST(20 AS Numeric(18, 0)))
INSERT [dbo].[EMPLOYMENT] ([EMPLOYMENT_ID], [EMPLOYMENT_STATUS], [HIRE_DATE_FOR_WORKING], [WORKERS_COMP_CODE], [TERMINATION_DATE], [REHIRE_DATE_FOR_WORKING], [LAST_REVIEW_DATE], [NUMBER_DAYS_REQUIREMENT_OF_WORKING_PER_MONTH]) VALUES (N'112', N'Full Time ', CAST(N'2018-03-04' AS Date), NULL, CAST(N'2018-08-26' AS Date), CAST(N'2018-10-05' AS Date), NULL, CAST(19 AS Numeric(18, 0)))
INSERT [dbo].[EMPLOYMENT] ([EMPLOYMENT_ID], [EMPLOYMENT_STATUS], [HIRE_DATE_FOR_WORKING], [WORKERS_COMP_CODE], [TERMINATION_DATE], [REHIRE_DATE_FOR_WORKING], [LAST_REVIEW_DATE], [NUMBER_DAYS_REQUIREMENT_OF_WORKING_PER_MONTH]) VALUES (N'113', N'Full Time ', CAST(N'2018-05-07' AS Date), NULL, CAST(N'2018-06-03' AS Date), CAST(N'2018-07-04' AS Date), NULL, CAST(20 AS Numeric(18, 0)))
INSERT [dbo].[EMPLOYMENT] ([EMPLOYMENT_ID], [EMPLOYMENT_STATUS], [HIRE_DATE_FOR_WORKING], [WORKERS_COMP_CODE], [TERMINATION_DATE], [REHIRE_DATE_FOR_WORKING], [LAST_REVIEW_DATE], [NUMBER_DAYS_REQUIREMENT_OF_WORKING_PER_MONTH]) VALUES (N'114', N'Full Time ', CAST(N'2018-03-02' AS Date), N'          ', CAST(N'2018-04-07' AS Date), CAST(N'2018-05-06' AS Date), NULL, CAST(21 AS Numeric(18, 0)))
INSERT [dbo].[EMPLOYMENT] ([EMPLOYMENT_ID], [EMPLOYMENT_STATUS], [HIRE_DATE_FOR_WORKING], [WORKERS_COMP_CODE], [TERMINATION_DATE], [REHIRE_DATE_FOR_WORKING], [LAST_REVIEW_DATE], [NUMBER_DAYS_REQUIREMENT_OF_WORKING_PER_MONTH]) VALUES (N'115', N'Full Time ', CAST(N'2018-02-03' AS Date), NULL, CAST(N'2018-05-06' AS Date), CAST(N'2018-06-09' AS Date), NULL, CAST(17 AS Numeric(18, 0)))
INSERT [dbo].[EMPLOYMENT] ([EMPLOYMENT_ID], [EMPLOYMENT_STATUS], [HIRE_DATE_FOR_WORKING], [WORKERS_COMP_CODE], [TERMINATION_DATE], [REHIRE_DATE_FOR_WORKING], [LAST_REVIEW_DATE], [NUMBER_DAYS_REQUIREMENT_OF_WORKING_PER_MONTH]) VALUES (N'116', N'Full Time ', CAST(N'2018-07-08' AS Date), N'          ', CAST(N'2018-08-10' AS Date), CAST(N'2018-09-01' AS Date), NULL, CAST(18 AS Numeric(18, 0)))
INSERT [dbo].[EMPLOYMENT] ([EMPLOYMENT_ID], [EMPLOYMENT_STATUS], [HIRE_DATE_FOR_WORKING], [WORKERS_COMP_CODE], [TERMINATION_DATE], [REHIRE_DATE_FOR_WORKING], [LAST_REVIEW_DATE], [NUMBER_DAYS_REQUIREMENT_OF_WORKING_PER_MONTH]) VALUES (N'117', N'Full Time ', CAST(N'2017-12-04' AS Date), NULL, CAST(N'2018-01-03' AS Date), CAST(N'2018-01-05' AS Date), NULL, CAST(20 AS Numeric(18, 0)))
INSERT [dbo].[EMPLOYMENT] ([EMPLOYMENT_ID], [EMPLOYMENT_STATUS], [HIRE_DATE_FOR_WORKING], [WORKERS_COMP_CODE], [TERMINATION_DATE], [REHIRE_DATE_FOR_WORKING], [LAST_REVIEW_DATE], [NUMBER_DAYS_REQUIREMENT_OF_WORKING_PER_MONTH]) VALUES (N'118', N'Full Time ', CAST(N'2017-10-04' AS Date), NULL, CAST(N'2017-10-20' AS Date), CAST(N'2017-12-03' AS Date), NULL, CAST(21 AS Numeric(18, 0)))
INSERT [dbo].[EMPLOYMENT] ([EMPLOYMENT_ID], [EMPLOYMENT_STATUS], [HIRE_DATE_FOR_WORKING], [WORKERS_COMP_CODE], [TERMINATION_DATE], [REHIRE_DATE_FOR_WORKING], [LAST_REVIEW_DATE], [NUMBER_DAYS_REQUIREMENT_OF_WORKING_PER_MONTH]) VALUES (N'119', N'Full Time ', CAST(N'2017-03-04' AS Date), N'          ', CAST(N'2017-04-05' AS Date), CAST(N'2017-04-20' AS Date), NULL, CAST(22 AS Numeric(18, 0)))
INSERT [dbo].[EMPLOYMENT] ([EMPLOYMENT_ID], [EMPLOYMENT_STATUS], [HIRE_DATE_FOR_WORKING], [WORKERS_COMP_CODE], [TERMINATION_DATE], [REHIRE_DATE_FOR_WORKING], [LAST_REVIEW_DATE], [NUMBER_DAYS_REQUIREMENT_OF_WORKING_PER_MONTH]) VALUES (N'120', N'Full Time ', CAST(N'2017-04-06' AS Date), NULL, CAST(N'2017-05-07' AS Date), CAST(N'2017-07-08' AS Date), NULL, CAST(23 AS Numeric(18, 0)))
INSERT [dbo].[EMPLOYMENT] ([EMPLOYMENT_ID], [EMPLOYMENT_STATUS], [HIRE_DATE_FOR_WORKING], [WORKERS_COMP_CODE], [TERMINATION_DATE], [REHIRE_DATE_FOR_WORKING], [LAST_REVIEW_DATE], [NUMBER_DAYS_REQUIREMENT_OF_WORKING_PER_MONTH]) VALUES (N'121', N'Full Time ', CAST(N'2017-05-24' AS Date), NULL, CAST(N'2017-06-10' AS Date), CAST(N'2017-07-12' AS Date), NULL, CAST(24 AS Numeric(18, 0)))
INSERT [dbo].[EMPLOYMENT] ([EMPLOYMENT_ID], [EMPLOYMENT_STATUS], [HIRE_DATE_FOR_WORKING], [WORKERS_COMP_CODE], [TERMINATION_DATE], [REHIRE_DATE_FOR_WORKING], [LAST_REVIEW_DATE], [NUMBER_DAYS_REQUIREMENT_OF_WORKING_PER_MONTH]) VALUES (N'122', N'Full Time ', CAST(N'2017-08-09' AS Date), NULL, CAST(N'2017-10-12' AS Date), CAST(N'2017-10-20' AS Date), NULL, CAST(23 AS Numeric(18, 0)))
INSERT [dbo].[EMPLOYMENT] ([EMPLOYMENT_ID], [EMPLOYMENT_STATUS], [HIRE_DATE_FOR_WORKING], [WORKERS_COMP_CODE], [TERMINATION_DATE], [REHIRE_DATE_FOR_WORKING], [LAST_REVIEW_DATE], [NUMBER_DAYS_REQUIREMENT_OF_WORKING_PER_MONTH]) VALUES (N'123', N'Full Time ', CAST(N'2017-03-10' AS Date), NULL, CAST(N'2017-04-06' AS Date), CAST(N'2017-05-06' AS Date), NULL, CAST(22 AS Numeric(18, 0)))
INSERT [dbo].[EMPLOYMENT] ([EMPLOYMENT_ID], [EMPLOYMENT_STATUS], [HIRE_DATE_FOR_WORKING], [WORKERS_COMP_CODE], [TERMINATION_DATE], [REHIRE_DATE_FOR_WORKING], [LAST_REVIEW_DATE], [NUMBER_DAYS_REQUIREMENT_OF_WORKING_PER_MONTH]) VALUES (N'124', N'Full Time ', CAST(N'2017-06-22' AS Date), N'          ', CAST(N'2017-05-29' AS Date), CAST(N'2017-08-29' AS Date), NULL, CAST(21 AS Numeric(18, 0)))
INSERT [dbo].[EMPLOYMENT] ([EMPLOYMENT_ID], [EMPLOYMENT_STATUS], [HIRE_DATE_FOR_WORKING], [WORKERS_COMP_CODE], [TERMINATION_DATE], [REHIRE_DATE_FOR_WORKING], [LAST_REVIEW_DATE], [NUMBER_DAYS_REQUIREMENT_OF_WORKING_PER_MONTH]) VALUES (N'125', N'Full Time ', CAST(N'2017-02-01' AS Date), NULL, CAST(N'2017-03-05' AS Date), CAST(N'2017-04-10' AS Date), NULL, CAST(25 AS Numeric(18, 0)))
INSERT [dbo].[EMPLOYMENT] ([EMPLOYMENT_ID], [EMPLOYMENT_STATUS], [HIRE_DATE_FOR_WORKING], [WORKERS_COMP_CODE], [TERMINATION_DATE], [REHIRE_DATE_FOR_WORKING], [LAST_REVIEW_DATE], [NUMBER_DAYS_REQUIREMENT_OF_WORKING_PER_MONTH]) VALUES (N'126', N'Full Time ', CAST(N'2017-04-30' AS Date), NULL, CAST(N'2017-05-14' AS Date), CAST(N'2017-12-23' AS Date), NULL, CAST(24 AS Numeric(18, 0)))
INSERT [dbo].[EMPLOYMENT] ([EMPLOYMENT_ID], [EMPLOYMENT_STATUS], [HIRE_DATE_FOR_WORKING], [WORKERS_COMP_CODE], [TERMINATION_DATE], [REHIRE_DATE_FOR_WORKING], [LAST_REVIEW_DATE], [NUMBER_DAYS_REQUIREMENT_OF_WORKING_PER_MONTH]) VALUES (N'127', N'Full Time ', CAST(N'2017-03-12' AS Date), NULL, CAST(N'2017-04-28' AS Date), CAST(N'2017-06-11' AS Date), NULL, CAST(23 AS Numeric(18, 0)))
INSERT [dbo].[EMPLOYMENT] ([EMPLOYMENT_ID], [EMPLOYMENT_STATUS], [HIRE_DATE_FOR_WORKING], [WORKERS_COMP_CODE], [TERMINATION_DATE], [REHIRE_DATE_FOR_WORKING], [LAST_REVIEW_DATE], [NUMBER_DAYS_REQUIREMENT_OF_WORKING_PER_MONTH]) VALUES (N'128', N'Full Time ', CAST(N'2017-12-05' AS Date), NULL, CAST(N'2017-11-30' AS Date), CAST(N'2017-12-28' AS Date), NULL, CAST(26 AS Numeric(18, 0)))
INSERT [dbo].[EMPLOYMENT] ([EMPLOYMENT_ID], [EMPLOYMENT_STATUS], [HIRE_DATE_FOR_WORKING], [WORKERS_COMP_CODE], [TERMINATION_DATE], [REHIRE_DATE_FOR_WORKING], [LAST_REVIEW_DATE], [NUMBER_DAYS_REQUIREMENT_OF_WORKING_PER_MONTH]) VALUES (N'129', N'Full Time ', CAST(N'2017-12-14' AS Date), NULL, CAST(N'2018-02-06' AS Date), CAST(N'2018-03-05' AS Date), NULL, CAST(29 AS Numeric(18, 0)))
INSERT [dbo].[EMPLOYMENT] ([EMPLOYMENT_ID], [EMPLOYMENT_STATUS], [HIRE_DATE_FOR_WORKING], [WORKERS_COMP_CODE], [TERMINATION_DATE], [REHIRE_DATE_FOR_WORKING], [LAST_REVIEW_DATE], [NUMBER_DAYS_REQUIREMENT_OF_WORKING_PER_MONTH]) VALUES (N'130', N'Full Time ', CAST(N'2018-12-29' AS Date), NULL, CAST(N'2019-01-20' AS Date), CAST(N'2019-03-26' AS Date), NULL, CAST(27 AS Numeric(18, 0)))
INSERT [dbo].[EMPLOYMENT] ([EMPLOYMENT_ID], [EMPLOYMENT_STATUS], [HIRE_DATE_FOR_WORKING], [WORKERS_COMP_CODE], [TERMINATION_DATE], [REHIRE_DATE_FOR_WORKING], [LAST_REVIEW_DATE], [NUMBER_DAYS_REQUIREMENT_OF_WORKING_PER_MONTH]) VALUES (N'131', N'Part Time ', CAST(N'2016-12-20' AS Date), NULL, CAST(N'2017-01-20' AS Date), CAST(N'2017-03-04' AS Date), NULL, CAST(28 AS Numeric(18, 0)))
INSERT [dbo].[EMPLOYMENT] ([EMPLOYMENT_ID], [EMPLOYMENT_STATUS], [HIRE_DATE_FOR_WORKING], [WORKERS_COMP_CODE], [TERMINATION_DATE], [REHIRE_DATE_FOR_WORKING], [LAST_REVIEW_DATE], [NUMBER_DAYS_REQUIREMENT_OF_WORKING_PER_MONTH]) VALUES (N'132', N'Part Time ', CAST(N'2016-02-28' AS Date), NULL, CAST(N'2016-03-04' AS Date), CAST(N'2016-05-18' AS Date), NULL, CAST(20 AS Numeric(18, 0)))
INSERT [dbo].[EMPLOYMENT] ([EMPLOYMENT_ID], [EMPLOYMENT_STATUS], [HIRE_DATE_FOR_WORKING], [WORKERS_COMP_CODE], [TERMINATION_DATE], [REHIRE_DATE_FOR_WORKING], [LAST_REVIEW_DATE], [NUMBER_DAYS_REQUIREMENT_OF_WORKING_PER_MONTH]) VALUES (N'133', N'Part Time ', CAST(N'2019-01-02' AS Date), NULL, CAST(N'2019-02-06' AS Date), CAST(N'2019-03-07' AS Date), NULL, CAST(21 AS Numeric(18, 0)))
INSERT [dbo].[EMPLOYMENT] ([EMPLOYMENT_ID], [EMPLOYMENT_STATUS], [HIRE_DATE_FOR_WORKING], [WORKERS_COMP_CODE], [TERMINATION_DATE], [REHIRE_DATE_FOR_WORKING], [LAST_REVIEW_DATE], [NUMBER_DAYS_REQUIREMENT_OF_WORKING_PER_MONTH]) VALUES (N'134', N'Part Time ', CAST(N'2016-03-27' AS Date), NULL, CAST(N'2016-04-05' AS Date), CAST(N'2016-07-16' AS Date), NULL, CAST(22 AS Numeric(18, 0)))
INSERT [dbo].[EMPLOYMENT] ([EMPLOYMENT_ID], [EMPLOYMENT_STATUS], [HIRE_DATE_FOR_WORKING], [WORKERS_COMP_CODE], [TERMINATION_DATE], [REHIRE_DATE_FOR_WORKING], [LAST_REVIEW_DATE], [NUMBER_DAYS_REQUIREMENT_OF_WORKING_PER_MONTH]) VALUES (N'135', N'Part Time ', CAST(N'2019-03-05' AS Date), NULL, CAST(N'2019-04-08' AS Date), CAST(N'2019-12-04' AS Date), NULL, CAST(22 AS Numeric(18, 0)))
INSERT [dbo].[EMPLOYMENT] ([EMPLOYMENT_ID], [EMPLOYMENT_STATUS], [HIRE_DATE_FOR_WORKING], [WORKERS_COMP_CODE], [TERMINATION_DATE], [REHIRE_DATE_FOR_WORKING], [LAST_REVIEW_DATE], [NUMBER_DAYS_REQUIREMENT_OF_WORKING_PER_MONTH]) VALUES (N'136', N'Part Time ', CAST(N'2019-01-02' AS Date), NULL, CAST(N'2019-05-28' AS Date), CAST(N'2019-06-19' AS Date), NULL, CAST(23 AS Numeric(18, 0)))
INSERT [dbo].[EMPLOYMENT] ([EMPLOYMENT_ID], [EMPLOYMENT_STATUS], [HIRE_DATE_FOR_WORKING], [WORKERS_COMP_CODE], [TERMINATION_DATE], [REHIRE_DATE_FOR_WORKING], [LAST_REVIEW_DATE], [NUMBER_DAYS_REQUIREMENT_OF_WORKING_PER_MONTH]) VALUES (N'137', N'Part Time ', CAST(N'2020-01-04' AS Date), NULL, CAST(N'2020-03-12' AS Date), CAST(N'2020-04-02' AS Date), NULL, CAST(22 AS Numeric(18, 0)))
INSERT [dbo].[EMPLOYMENT] ([EMPLOYMENT_ID], [EMPLOYMENT_STATUS], [HIRE_DATE_FOR_WORKING], [WORKERS_COMP_CODE], [TERMINATION_DATE], [REHIRE_DATE_FOR_WORKING], [LAST_REVIEW_DATE], [NUMBER_DAYS_REQUIREMENT_OF_WORKING_PER_MONTH]) VALUES (N'138', N'Part Time ', CAST(N'2019-11-25' AS Date), NULL, CAST(N'2019-12-04' AS Date), CAST(N'2020-01-05' AS Date), NULL, CAST(29 AS Numeric(18, 0)))
INSERT [dbo].[EMPLOYMENT] ([EMPLOYMENT_ID], [EMPLOYMENT_STATUS], [HIRE_DATE_FOR_WORKING], [WORKERS_COMP_CODE], [TERMINATION_DATE], [REHIRE_DATE_FOR_WORKING], [LAST_REVIEW_DATE], [NUMBER_DAYS_REQUIREMENT_OF_WORKING_PER_MONTH]) VALUES (N'139', N'Part Time ', CAST(N'2019-04-11' AS Date), NULL, CAST(N'2019-06-14' AS Date), CAST(N'2019-07-08' AS Date), NULL, CAST(26 AS Numeric(18, 0)))
INSERT [dbo].[EMPLOYMENT] ([EMPLOYMENT_ID], [EMPLOYMENT_STATUS], [HIRE_DATE_FOR_WORKING], [WORKERS_COMP_CODE], [TERMINATION_DATE], [REHIRE_DATE_FOR_WORKING], [LAST_REVIEW_DATE], [NUMBER_DAYS_REQUIREMENT_OF_WORKING_PER_MONTH]) VALUES (N'140', N'Part Time ', CAST(N'2019-03-02' AS Date), NULL, CAST(N'2019-04-01' AS Date), CAST(N'2019-05-09' AS Date), NULL, CAST(26 AS Numeric(18, 0)))
INSERT [dbo].[EMPLOYMENT] ([EMPLOYMENT_ID], [EMPLOYMENT_STATUS], [HIRE_DATE_FOR_WORKING], [WORKERS_COMP_CODE], [TERMINATION_DATE], [REHIRE_DATE_FOR_WORKING], [LAST_REVIEW_DATE], [NUMBER_DAYS_REQUIREMENT_OF_WORKING_PER_MONTH]) VALUES (N'141', N'Part Time ', CAST(N'2018-04-14' AS Date), NULL, CAST(N'2018-06-06' AS Date), CAST(N'2018-07-07' AS Date), NULL, CAST(22 AS Numeric(18, 0)))
INSERT [dbo].[EMPLOYMENT] ([EMPLOYMENT_ID], [EMPLOYMENT_STATUS], [HIRE_DATE_FOR_WORKING], [WORKERS_COMP_CODE], [TERMINATION_DATE], [REHIRE_DATE_FOR_WORKING], [LAST_REVIEW_DATE], [NUMBER_DAYS_REQUIREMENT_OF_WORKING_PER_MONTH]) VALUES (N'142', N'Part Time ', CAST(N'2020-02-22' AS Date), NULL, CAST(N'2020-03-30' AS Date), CAST(N'2020-04-04' AS Date), NULL, CAST(21 AS Numeric(18, 0)))
INSERT [dbo].[EMPLOYMENT] ([EMPLOYMENT_ID], [EMPLOYMENT_STATUS], [HIRE_DATE_FOR_WORKING], [WORKERS_COMP_CODE], [TERMINATION_DATE], [REHIRE_DATE_FOR_WORKING], [LAST_REVIEW_DATE], [NUMBER_DAYS_REQUIREMENT_OF_WORKING_PER_MONTH]) VALUES (N'143', N'Full Time ', CAST(N'2018-03-07' AS Date), NULL, CAST(N'2018-04-04' AS Date), CAST(N'2018-05-07' AS Date), NULL, CAST(20 AS Numeric(18, 0)))
INSERT [dbo].[EMPLOYMENT] ([EMPLOYMENT_ID], [EMPLOYMENT_STATUS], [HIRE_DATE_FOR_WORKING], [WORKERS_COMP_CODE], [TERMINATION_DATE], [REHIRE_DATE_FOR_WORKING], [LAST_REVIEW_DATE], [NUMBER_DAYS_REQUIREMENT_OF_WORKING_PER_MONTH]) VALUES (N'144', N'Full Time ', CAST(N'2016-05-11' AS Date), NULL, CAST(N'2016-12-05' AS Date), CAST(N'2017-01-05' AS Date), NULL, CAST(27 AS Numeric(18, 0)))
INSERT [dbo].[EMPLOYMENT] ([EMPLOYMENT_ID], [EMPLOYMENT_STATUS], [HIRE_DATE_FOR_WORKING], [WORKERS_COMP_CODE], [TERMINATION_DATE], [REHIRE_DATE_FOR_WORKING], [LAST_REVIEW_DATE], [NUMBER_DAYS_REQUIREMENT_OF_WORKING_PER_MONTH]) VALUES (N'145', N'Full Time ', CAST(N'2020-01-06' AS Date), NULL, CAST(N'2020-03-05' AS Date), CAST(N'2020-04-16' AS Date), NULL, CAST(22 AS Numeric(18, 0)))
INSERT [dbo].[EMPLOYMENT] ([EMPLOYMENT_ID], [EMPLOYMENT_STATUS], [HIRE_DATE_FOR_WORKING], [WORKERS_COMP_CODE], [TERMINATION_DATE], [REHIRE_DATE_FOR_WORKING], [LAST_REVIEW_DATE], [NUMBER_DAYS_REQUIREMENT_OF_WORKING_PER_MONTH]) VALUES (N'146', N'Part Time ', CAST(N'2016-04-28' AS Date), NULL, CAST(N'2017-01-16' AS Date), CAST(N'2017-01-30' AS Date), NULL, CAST(29 AS Numeric(18, 0)))
INSERT [dbo].[EMPLOYMENT] ([EMPLOYMENT_ID], [EMPLOYMENT_STATUS], [HIRE_DATE_FOR_WORKING], [WORKERS_COMP_CODE], [TERMINATION_DATE], [REHIRE_DATE_FOR_WORKING], [LAST_REVIEW_DATE], [NUMBER_DAYS_REQUIREMENT_OF_WORKING_PER_MONTH]) VALUES (N'147', N'Part Time ', CAST(N'2019-02-07' AS Date), NULL, CAST(N'2019-04-06' AS Date), CAST(N'2019-05-10' AS Date), NULL, CAST(28 AS Numeric(18, 0)))
INSERT [dbo].[EMPLOYMENT] ([EMPLOYMENT_ID], [EMPLOYMENT_STATUS], [HIRE_DATE_FOR_WORKING], [WORKERS_COMP_CODE], [TERMINATION_DATE], [REHIRE_DATE_FOR_WORKING], [LAST_REVIEW_DATE], [NUMBER_DAYS_REQUIREMENT_OF_WORKING_PER_MONTH]) VALUES (N'148', N'Part Time ', CAST(N'2020-02-18' AS Date), NULL, CAST(N'2020-06-08' AS Date), CAST(N'2020-03-10' AS Date), NULL, CAST(22 AS Numeric(18, 0)))
INSERT [dbo].[EMPLOYMENT] ([EMPLOYMENT_ID], [EMPLOYMENT_STATUS], [HIRE_DATE_FOR_WORKING], [WORKERS_COMP_CODE], [TERMINATION_DATE], [REHIRE_DATE_FOR_WORKING], [LAST_REVIEW_DATE], [NUMBER_DAYS_REQUIREMENT_OF_WORKING_PER_MONTH]) VALUES (N'149', N'Full Time ', CAST(N'2019-03-06' AS Date), NULL, CAST(N'2019-05-08' AS Date), CAST(N'2019-04-07' AS Date), NULL, CAST(26 AS Numeric(18, 0)))
INSERT [dbo].[EMPLOYMENT] ([EMPLOYMENT_ID], [EMPLOYMENT_STATUS], [HIRE_DATE_FOR_WORKING], [WORKERS_COMP_CODE], [TERMINATION_DATE], [REHIRE_DATE_FOR_WORKING], [LAST_REVIEW_DATE], [NUMBER_DAYS_REQUIREMENT_OF_WORKING_PER_MONTH]) VALUES (N'150', N'Full Time ', CAST(N'2020-04-07' AS Date), NULL, CAST(N'2020-08-09' AS Date), CAST(N'2020-09-10' AS Date), NULL, CAST(27 AS Numeric(18, 0)))
GO
INSERT [dbo].[EMPLOYMENT_WORKING_TIME] ([EMPLOYMENT_WORKING_TIME_ID], [EMPLOYMENT_ID], [YEAR_WORKING], [MONTH_WORKING], [NUMBER_DAYS_ACTUAL_OF_WORKING_PER_MONTH], [TOTAL_NUMBER_VACATION_WORKING_DAYS_PER_MONTH]) VALUES (CAST(1 AS Numeric(18, 0)), N'111', CAST(N'2018-08-23' AS Date), CAST(8 AS Numeric(2, 0)), CAST(23 AS Numeric(2, 0)), CAST(2 AS Numeric(2, 0)))
INSERT [dbo].[EMPLOYMENT_WORKING_TIME] ([EMPLOYMENT_WORKING_TIME_ID], [EMPLOYMENT_ID], [YEAR_WORKING], [MONTH_WORKING], [NUMBER_DAYS_ACTUAL_OF_WORKING_PER_MONTH], [TOTAL_NUMBER_VACATION_WORKING_DAYS_PER_MONTH]) VALUES (CAST(2 AS Numeric(18, 0)), N'112', CAST(N'2018-03-04' AS Date), CAST(3 AS Numeric(2, 0)), CAST(4 AS Numeric(2, 0)), CAST(3 AS Numeric(2, 0)))
INSERT [dbo].[EMPLOYMENT_WORKING_TIME] ([EMPLOYMENT_WORKING_TIME_ID], [EMPLOYMENT_ID], [YEAR_WORKING], [MONTH_WORKING], [NUMBER_DAYS_ACTUAL_OF_WORKING_PER_MONTH], [TOTAL_NUMBER_VACATION_WORKING_DAYS_PER_MONTH]) VALUES (CAST(3 AS Numeric(18, 0)), N'113', CAST(N'2018-05-07' AS Date), CAST(5 AS Numeric(2, 0)), CAST(7 AS Numeric(2, 0)), CAST(0 AS Numeric(2, 0)))
INSERT [dbo].[EMPLOYMENT_WORKING_TIME] ([EMPLOYMENT_WORKING_TIME_ID], [EMPLOYMENT_ID], [YEAR_WORKING], [MONTH_WORKING], [NUMBER_DAYS_ACTUAL_OF_WORKING_PER_MONTH], [TOTAL_NUMBER_VACATION_WORKING_DAYS_PER_MONTH]) VALUES (CAST(5 AS Numeric(18, 0)), N'114', CAST(N'2018-03-02' AS Date), CAST(3 AS Numeric(2, 0)), CAST(2 AS Numeric(2, 0)), CAST(4 AS Numeric(2, 0)))
INSERT [dbo].[EMPLOYMENT_WORKING_TIME] ([EMPLOYMENT_WORKING_TIME_ID], [EMPLOYMENT_ID], [YEAR_WORKING], [MONTH_WORKING], [NUMBER_DAYS_ACTUAL_OF_WORKING_PER_MONTH], [TOTAL_NUMBER_VACATION_WORKING_DAYS_PER_MONTH]) VALUES (CAST(6 AS Numeric(18, 0)), N'115', CAST(N'2018-03-05' AS Date), CAST(3 AS Numeric(2, 0)), CAST(5 AS Numeric(2, 0)), CAST(3 AS Numeric(2, 0)))
INSERT [dbo].[EMPLOYMENT_WORKING_TIME] ([EMPLOYMENT_WORKING_TIME_ID], [EMPLOYMENT_ID], [YEAR_WORKING], [MONTH_WORKING], [NUMBER_DAYS_ACTUAL_OF_WORKING_PER_MONTH], [TOTAL_NUMBER_VACATION_WORKING_DAYS_PER_MONTH]) VALUES (CAST(7 AS Numeric(18, 0)), N'116', CAST(N'2018-07-08' AS Date), CAST(7 AS Numeric(2, 0)), CAST(8 AS Numeric(2, 0)), CAST(1 AS Numeric(2, 0)))
INSERT [dbo].[EMPLOYMENT_WORKING_TIME] ([EMPLOYMENT_WORKING_TIME_ID], [EMPLOYMENT_ID], [YEAR_WORKING], [MONTH_WORKING], [NUMBER_DAYS_ACTUAL_OF_WORKING_PER_MONTH], [TOTAL_NUMBER_VACATION_WORKING_DAYS_PER_MONTH]) VALUES (CAST(8 AS Numeric(18, 0)), N'117', CAST(N'2017-12-04' AS Date), CAST(12 AS Numeric(2, 0)), CAST(4 AS Numeric(2, 0)), CAST(2 AS Numeric(2, 0)))
INSERT [dbo].[EMPLOYMENT_WORKING_TIME] ([EMPLOYMENT_WORKING_TIME_ID], [EMPLOYMENT_ID], [YEAR_WORKING], [MONTH_WORKING], [NUMBER_DAYS_ACTUAL_OF_WORKING_PER_MONTH], [TOTAL_NUMBER_VACATION_WORKING_DAYS_PER_MONTH]) VALUES (CAST(9 AS Numeric(18, 0)), N'118', CAST(N'2017-10-04' AS Date), CAST(10 AS Numeric(2, 0)), CAST(4 AS Numeric(2, 0)), CAST(3 AS Numeric(2, 0)))
INSERT [dbo].[EMPLOYMENT_WORKING_TIME] ([EMPLOYMENT_WORKING_TIME_ID], [EMPLOYMENT_ID], [YEAR_WORKING], [MONTH_WORKING], [NUMBER_DAYS_ACTUAL_OF_WORKING_PER_MONTH], [TOTAL_NUMBER_VACATION_WORKING_DAYS_PER_MONTH]) VALUES (CAST(10 AS Numeric(18, 0)), N'119', CAST(N'2017-03-04' AS Date), CAST(3 AS Numeric(2, 0)), CAST(4 AS Numeric(2, 0)), CAST(4 AS Numeric(2, 0)))
INSERT [dbo].[EMPLOYMENT_WORKING_TIME] ([EMPLOYMENT_WORKING_TIME_ID], [EMPLOYMENT_ID], [YEAR_WORKING], [MONTH_WORKING], [NUMBER_DAYS_ACTUAL_OF_WORKING_PER_MONTH], [TOTAL_NUMBER_VACATION_WORKING_DAYS_PER_MONTH]) VALUES (CAST(11 AS Numeric(18, 0)), N'120', CAST(N'2017-04-06' AS Date), CAST(4 AS Numeric(2, 0)), CAST(6 AS Numeric(2, 0)), CAST(5 AS Numeric(2, 0)))
INSERT [dbo].[EMPLOYMENT_WORKING_TIME] ([EMPLOYMENT_WORKING_TIME_ID], [EMPLOYMENT_ID], [YEAR_WORKING], [MONTH_WORKING], [NUMBER_DAYS_ACTUAL_OF_WORKING_PER_MONTH], [TOTAL_NUMBER_VACATION_WORKING_DAYS_PER_MONTH]) VALUES (CAST(12 AS Numeric(18, 0)), N'121', CAST(N'2017-05-24' AS Date), CAST(5 AS Numeric(2, 0)), CAST(24 AS Numeric(2, 0)), CAST(6 AS Numeric(2, 0)))
INSERT [dbo].[EMPLOYMENT_WORKING_TIME] ([EMPLOYMENT_WORKING_TIME_ID], [EMPLOYMENT_ID], [YEAR_WORKING], [MONTH_WORKING], [NUMBER_DAYS_ACTUAL_OF_WORKING_PER_MONTH], [TOTAL_NUMBER_VACATION_WORKING_DAYS_PER_MONTH]) VALUES (CAST(13 AS Numeric(18, 0)), N'122', CAST(N'2017-08-09' AS Date), CAST(8 AS Numeric(2, 0)), CAST(9 AS Numeric(2, 0)), CAST(2 AS Numeric(2, 0)))
INSERT [dbo].[EMPLOYMENT_WORKING_TIME] ([EMPLOYMENT_WORKING_TIME_ID], [EMPLOYMENT_ID], [YEAR_WORKING], [MONTH_WORKING], [NUMBER_DAYS_ACTUAL_OF_WORKING_PER_MONTH], [TOTAL_NUMBER_VACATION_WORKING_DAYS_PER_MONTH]) VALUES (CAST(14 AS Numeric(18, 0)), N'123', CAST(N'2017-03-10' AS Date), CAST(3 AS Numeric(2, 0)), CAST(10 AS Numeric(2, 0)), CAST(4 AS Numeric(2, 0)))
INSERT [dbo].[EMPLOYMENT_WORKING_TIME] ([EMPLOYMENT_WORKING_TIME_ID], [EMPLOYMENT_ID], [YEAR_WORKING], [MONTH_WORKING], [NUMBER_DAYS_ACTUAL_OF_WORKING_PER_MONTH], [TOTAL_NUMBER_VACATION_WORKING_DAYS_PER_MONTH]) VALUES (CAST(15 AS Numeric(18, 0)), N'124', CAST(N'2017-06-22' AS Date), CAST(6 AS Numeric(2, 0)), CAST(22 AS Numeric(2, 0)), CAST(5 AS Numeric(2, 0)))
INSERT [dbo].[EMPLOYMENT_WORKING_TIME] ([EMPLOYMENT_WORKING_TIME_ID], [EMPLOYMENT_ID], [YEAR_WORKING], [MONTH_WORKING], [NUMBER_DAYS_ACTUAL_OF_WORKING_PER_MONTH], [TOTAL_NUMBER_VACATION_WORKING_DAYS_PER_MONTH]) VALUES (CAST(16 AS Numeric(18, 0)), N'125', CAST(N'2017-02-01' AS Date), CAST(2 AS Numeric(2, 0)), CAST(1 AS Numeric(2, 0)), CAST(3 AS Numeric(2, 0)))
INSERT [dbo].[EMPLOYMENT_WORKING_TIME] ([EMPLOYMENT_WORKING_TIME_ID], [EMPLOYMENT_ID], [YEAR_WORKING], [MONTH_WORKING], [NUMBER_DAYS_ACTUAL_OF_WORKING_PER_MONTH], [TOTAL_NUMBER_VACATION_WORKING_DAYS_PER_MONTH]) VALUES (CAST(17 AS Numeric(18, 0)), N'126', CAST(N'2017-04-30' AS Date), CAST(4 AS Numeric(2, 0)), CAST(3 AS Numeric(2, 0)), CAST(2 AS Numeric(2, 0)))
INSERT [dbo].[EMPLOYMENT_WORKING_TIME] ([EMPLOYMENT_WORKING_TIME_ID], [EMPLOYMENT_ID], [YEAR_WORKING], [MONTH_WORKING], [NUMBER_DAYS_ACTUAL_OF_WORKING_PER_MONTH], [TOTAL_NUMBER_VACATION_WORKING_DAYS_PER_MONTH]) VALUES (CAST(18 AS Numeric(18, 0)), N'127', CAST(N'2017-03-12' AS Date), CAST(3 AS Numeric(2, 0)), CAST(12 AS Numeric(2, 0)), CAST(4 AS Numeric(2, 0)))
INSERT [dbo].[EMPLOYMENT_WORKING_TIME] ([EMPLOYMENT_WORKING_TIME_ID], [EMPLOYMENT_ID], [YEAR_WORKING], [MONTH_WORKING], [NUMBER_DAYS_ACTUAL_OF_WORKING_PER_MONTH], [TOTAL_NUMBER_VACATION_WORKING_DAYS_PER_MONTH]) VALUES (CAST(19 AS Numeric(18, 0)), N'128', CAST(N'2017-12-05' AS Date), CAST(12 AS Numeric(2, 0)), CAST(5 AS Numeric(2, 0)), CAST(2 AS Numeric(2, 0)))
INSERT [dbo].[EMPLOYMENT_WORKING_TIME] ([EMPLOYMENT_WORKING_TIME_ID], [EMPLOYMENT_ID], [YEAR_WORKING], [MONTH_WORKING], [NUMBER_DAYS_ACTUAL_OF_WORKING_PER_MONTH], [TOTAL_NUMBER_VACATION_WORKING_DAYS_PER_MONTH]) VALUES (CAST(20 AS Numeric(18, 0)), N'129', CAST(N'2017-12-14' AS Date), CAST(12 AS Numeric(2, 0)), CAST(14 AS Numeric(2, 0)), CAST(1 AS Numeric(2, 0)))
INSERT [dbo].[EMPLOYMENT_WORKING_TIME] ([EMPLOYMENT_WORKING_TIME_ID], [EMPLOYMENT_ID], [YEAR_WORKING], [MONTH_WORKING], [NUMBER_DAYS_ACTUAL_OF_WORKING_PER_MONTH], [TOTAL_NUMBER_VACATION_WORKING_DAYS_PER_MONTH]) VALUES (CAST(21 AS Numeric(18, 0)), N'130', CAST(N'2018-12-29' AS Date), CAST(12 AS Numeric(2, 0)), CAST(29 AS Numeric(2, 0)), CAST(4 AS Numeric(2, 0)))
INSERT [dbo].[EMPLOYMENT_WORKING_TIME] ([EMPLOYMENT_WORKING_TIME_ID], [EMPLOYMENT_ID], [YEAR_WORKING], [MONTH_WORKING], [NUMBER_DAYS_ACTUAL_OF_WORKING_PER_MONTH], [TOTAL_NUMBER_VACATION_WORKING_DAYS_PER_MONTH]) VALUES (CAST(22 AS Numeric(18, 0)), N'131', CAST(N'2016-12-20' AS Date), CAST(12 AS Numeric(2, 0)), CAST(20 AS Numeric(2, 0)), CAST(2 AS Numeric(2, 0)))
INSERT [dbo].[EMPLOYMENT_WORKING_TIME] ([EMPLOYMENT_WORKING_TIME_ID], [EMPLOYMENT_ID], [YEAR_WORKING], [MONTH_WORKING], [NUMBER_DAYS_ACTUAL_OF_WORKING_PER_MONTH], [TOTAL_NUMBER_VACATION_WORKING_DAYS_PER_MONTH]) VALUES (CAST(23 AS Numeric(18, 0)), N'132', CAST(N'2016-02-28' AS Date), CAST(2 AS Numeric(2, 0)), CAST(28 AS Numeric(2, 0)), CAST(3 AS Numeric(2, 0)))
INSERT [dbo].[EMPLOYMENT_WORKING_TIME] ([EMPLOYMENT_WORKING_TIME_ID], [EMPLOYMENT_ID], [YEAR_WORKING], [MONTH_WORKING], [NUMBER_DAYS_ACTUAL_OF_WORKING_PER_MONTH], [TOTAL_NUMBER_VACATION_WORKING_DAYS_PER_MONTH]) VALUES (CAST(24 AS Numeric(18, 0)), N'133', CAST(N'2019-01-02' AS Date), CAST(1 AS Numeric(2, 0)), CAST(2 AS Numeric(2, 0)), CAST(4 AS Numeric(2, 0)))
INSERT [dbo].[EMPLOYMENT_WORKING_TIME] ([EMPLOYMENT_WORKING_TIME_ID], [EMPLOYMENT_ID], [YEAR_WORKING], [MONTH_WORKING], [NUMBER_DAYS_ACTUAL_OF_WORKING_PER_MONTH], [TOTAL_NUMBER_VACATION_WORKING_DAYS_PER_MONTH]) VALUES (CAST(25 AS Numeric(18, 0)), N'134', CAST(N'2016-03-27' AS Date), CAST(3 AS Numeric(2, 0)), CAST(27 AS Numeric(2, 0)), CAST(5 AS Numeric(2, 0)))
INSERT [dbo].[EMPLOYMENT_WORKING_TIME] ([EMPLOYMENT_WORKING_TIME_ID], [EMPLOYMENT_ID], [YEAR_WORKING], [MONTH_WORKING], [NUMBER_DAYS_ACTUAL_OF_WORKING_PER_MONTH], [TOTAL_NUMBER_VACATION_WORKING_DAYS_PER_MONTH]) VALUES (CAST(26 AS Numeric(18, 0)), N'135', CAST(N'2019-03-05' AS Date), CAST(3 AS Numeric(2, 0)), CAST(5 AS Numeric(2, 0)), CAST(2 AS Numeric(2, 0)))
INSERT [dbo].[EMPLOYMENT_WORKING_TIME] ([EMPLOYMENT_WORKING_TIME_ID], [EMPLOYMENT_ID], [YEAR_WORKING], [MONTH_WORKING], [NUMBER_DAYS_ACTUAL_OF_WORKING_PER_MONTH], [TOTAL_NUMBER_VACATION_WORKING_DAYS_PER_MONTH]) VALUES (CAST(27 AS Numeric(18, 0)), N'136', CAST(N'2019-01-02' AS Date), CAST(1 AS Numeric(2, 0)), CAST(2 AS Numeric(2, 0)), CAST(1 AS Numeric(2, 0)))
INSERT [dbo].[EMPLOYMENT_WORKING_TIME] ([EMPLOYMENT_WORKING_TIME_ID], [EMPLOYMENT_ID], [YEAR_WORKING], [MONTH_WORKING], [NUMBER_DAYS_ACTUAL_OF_WORKING_PER_MONTH], [TOTAL_NUMBER_VACATION_WORKING_DAYS_PER_MONTH]) VALUES (CAST(28 AS Numeric(18, 0)), N'137', CAST(N'2020-01-04' AS Date), CAST(1 AS Numeric(2, 0)), CAST(4 AS Numeric(2, 0)), CAST(3 AS Numeric(2, 0)))
INSERT [dbo].[EMPLOYMENT_WORKING_TIME] ([EMPLOYMENT_WORKING_TIME_ID], [EMPLOYMENT_ID], [YEAR_WORKING], [MONTH_WORKING], [NUMBER_DAYS_ACTUAL_OF_WORKING_PER_MONTH], [TOTAL_NUMBER_VACATION_WORKING_DAYS_PER_MONTH]) VALUES (CAST(29 AS Numeric(18, 0)), N'138', CAST(N'2019-11-25' AS Date), CAST(11 AS Numeric(2, 0)), CAST(25 AS Numeric(2, 0)), CAST(4 AS Numeric(2, 0)))
INSERT [dbo].[EMPLOYMENT_WORKING_TIME] ([EMPLOYMENT_WORKING_TIME_ID], [EMPLOYMENT_ID], [YEAR_WORKING], [MONTH_WORKING], [NUMBER_DAYS_ACTUAL_OF_WORKING_PER_MONTH], [TOTAL_NUMBER_VACATION_WORKING_DAYS_PER_MONTH]) VALUES (CAST(30 AS Numeric(18, 0)), N'139', CAST(N'2019-04-11' AS Date), CAST(4 AS Numeric(2, 0)), CAST(11 AS Numeric(2, 0)), CAST(2 AS Numeric(2, 0)))
INSERT [dbo].[EMPLOYMENT_WORKING_TIME] ([EMPLOYMENT_WORKING_TIME_ID], [EMPLOYMENT_ID], [YEAR_WORKING], [MONTH_WORKING], [NUMBER_DAYS_ACTUAL_OF_WORKING_PER_MONTH], [TOTAL_NUMBER_VACATION_WORKING_DAYS_PER_MONTH]) VALUES (CAST(31 AS Numeric(18, 0)), N'140', CAST(N'2018-05-06' AS Date), CAST(5 AS Numeric(2, 0)), CAST(6 AS Numeric(2, 0)), CAST(1 AS Numeric(2, 0)))
INSERT [dbo].[EMPLOYMENT_WORKING_TIME] ([EMPLOYMENT_WORKING_TIME_ID], [EMPLOYMENT_ID], [YEAR_WORKING], [MONTH_WORKING], [NUMBER_DAYS_ACTUAL_OF_WORKING_PER_MONTH], [TOTAL_NUMBER_VACATION_WORKING_DAYS_PER_MONTH]) VALUES (CAST(32 AS Numeric(18, 0)), N'141', CAST(N'2017-02-03' AS Date), CAST(2 AS Numeric(2, 0)), CAST(3 AS Numeric(2, 0)), CAST(4 AS Numeric(2, 0)))
INSERT [dbo].[EMPLOYMENT_WORKING_TIME] ([EMPLOYMENT_WORKING_TIME_ID], [EMPLOYMENT_ID], [YEAR_WORKING], [MONTH_WORKING], [NUMBER_DAYS_ACTUAL_OF_WORKING_PER_MONTH], [TOTAL_NUMBER_VACATION_WORKING_DAYS_PER_MONTH]) VALUES (CAST(33 AS Numeric(18, 0)), N'142', CAST(N'2018-12-06' AS Date), CAST(12 AS Numeric(2, 0)), CAST(6 AS Numeric(2, 0)), CAST(7 AS Numeric(2, 0)))
INSERT [dbo].[EMPLOYMENT_WORKING_TIME] ([EMPLOYMENT_WORKING_TIME_ID], [EMPLOYMENT_ID], [YEAR_WORKING], [MONTH_WORKING], [NUMBER_DAYS_ACTUAL_OF_WORKING_PER_MONTH], [TOTAL_NUMBER_VACATION_WORKING_DAYS_PER_MONTH]) VALUES (CAST(34 AS Numeric(18, 0)), N'143', CAST(N'2016-05-07' AS Date), CAST(5 AS Numeric(2, 0)), CAST(7 AS Numeric(2, 0)), CAST(6 AS Numeric(2, 0)))
INSERT [dbo].[EMPLOYMENT_WORKING_TIME] ([EMPLOYMENT_WORKING_TIME_ID], [EMPLOYMENT_ID], [YEAR_WORKING], [MONTH_WORKING], [NUMBER_DAYS_ACTUAL_OF_WORKING_PER_MONTH], [TOTAL_NUMBER_VACATION_WORKING_DAYS_PER_MONTH]) VALUES (CAST(35 AS Numeric(18, 0)), N'144', CAST(N'2017-10-04' AS Date), CAST(10 AS Numeric(2, 0)), CAST(4 AS Numeric(2, 0)), CAST(3 AS Numeric(2, 0)))
INSERT [dbo].[EMPLOYMENT_WORKING_TIME] ([EMPLOYMENT_WORKING_TIME_ID], [EMPLOYMENT_ID], [YEAR_WORKING], [MONTH_WORKING], [NUMBER_DAYS_ACTUAL_OF_WORKING_PER_MONTH], [TOTAL_NUMBER_VACATION_WORKING_DAYS_PER_MONTH]) VALUES (CAST(36 AS Numeric(18, 0)), N'145', CAST(N'2018-06-08' AS Date), CAST(6 AS Numeric(2, 0)), CAST(8 AS Numeric(2, 0)), CAST(2 AS Numeric(2, 0)))
INSERT [dbo].[EMPLOYMENT_WORKING_TIME] ([EMPLOYMENT_WORKING_TIME_ID], [EMPLOYMENT_ID], [YEAR_WORKING], [MONTH_WORKING], [NUMBER_DAYS_ACTUAL_OF_WORKING_PER_MONTH], [TOTAL_NUMBER_VACATION_WORKING_DAYS_PER_MONTH]) VALUES (CAST(37 AS Numeric(18, 0)), N'146', CAST(N'2019-02-01' AS Date), CAST(2 AS Numeric(2, 0)), CAST(1 AS Numeric(2, 0)), CAST(5 AS Numeric(2, 0)))
INSERT [dbo].[EMPLOYMENT_WORKING_TIME] ([EMPLOYMENT_WORKING_TIME_ID], [EMPLOYMENT_ID], [YEAR_WORKING], [MONTH_WORKING], [NUMBER_DAYS_ACTUAL_OF_WORKING_PER_MONTH], [TOTAL_NUMBER_VACATION_WORKING_DAYS_PER_MONTH]) VALUES (CAST(38 AS Numeric(18, 0)), N'147', CAST(N'2020-02-01' AS Date), CAST(2 AS Numeric(2, 0)), CAST(1 AS Numeric(2, 0)), CAST(3 AS Numeric(2, 0)))
INSERT [dbo].[EMPLOYMENT_WORKING_TIME] ([EMPLOYMENT_WORKING_TIME_ID], [EMPLOYMENT_ID], [YEAR_WORKING], [MONTH_WORKING], [NUMBER_DAYS_ACTUAL_OF_WORKING_PER_MONTH], [TOTAL_NUMBER_VACATION_WORKING_DAYS_PER_MONTH]) VALUES (CAST(39 AS Numeric(18, 0)), N'148', CAST(N'2020-02-20' AS Date), CAST(2 AS Numeric(2, 0)), CAST(20 AS Numeric(2, 0)), CAST(2 AS Numeric(2, 0)))
INSERT [dbo].[EMPLOYMENT_WORKING_TIME] ([EMPLOYMENT_WORKING_TIME_ID], [EMPLOYMENT_ID], [YEAR_WORKING], [MONTH_WORKING], [NUMBER_DAYS_ACTUAL_OF_WORKING_PER_MONTH], [TOTAL_NUMBER_VACATION_WORKING_DAYS_PER_MONTH]) VALUES (CAST(40 AS Numeric(18, 0)), N'149', CAST(N'2020-01-04' AS Date), CAST(1 AS Numeric(2, 0)), CAST(4 AS Numeric(2, 0)), CAST(4 AS Numeric(2, 0)))
INSERT [dbo].[EMPLOYMENT_WORKING_TIME] ([EMPLOYMENT_WORKING_TIME_ID], [EMPLOYMENT_ID], [YEAR_WORKING], [MONTH_WORKING], [NUMBER_DAYS_ACTUAL_OF_WORKING_PER_MONTH], [TOTAL_NUMBER_VACATION_WORKING_DAYS_PER_MONTH]) VALUES (CAST(41 AS Numeric(18, 0)), N'150', CAST(N'2019-02-04' AS Date), CAST(2 AS Numeric(2, 0)), CAST(4 AS Numeric(2, 0)), CAST(2 AS Numeric(2, 0)))
GO
INSERT [dbo].[JOB_HISTORY] ([JOB_HISTORY_ID], [EMPLOYMENT_ID], [DEPARTMENT], [DIVISION], [FROM_DATE], [THRU_DATE], [JOB_TITLE], [SUPERVISOR], [LOCATION], [TYPE_OF_WORK]) VALUES (CAST(1 AS Numeric(18, 0)), N'111', N'Accounting Dep’t	', NULL, CAST(N'2018-08-23' AS Date), CAST(N'2018-10-20' AS Date), NULL, N'Mr.Hung', NULL, NULL)
INSERT [dbo].[JOB_HISTORY] ([JOB_HISTORY_ID], [EMPLOYMENT_ID], [DEPARTMENT], [DIVISION], [FROM_DATE], [THRU_DATE], [JOB_TITLE], [SUPERVISOR], [LOCATION], [TYPE_OF_WORK]) VALUES (CAST(2 AS Numeric(18, 0)), N'112', N'Accounting Dep’t	', NULL, CAST(N'2020-02-03' AS Date), CAST(N'2020-05-02' AS Date), NULL, N'Mr.Hung', NULL, NULL)
INSERT [dbo].[JOB_HISTORY] ([JOB_HISTORY_ID], [EMPLOYMENT_ID], [DEPARTMENT], [DIVISION], [FROM_DATE], [THRU_DATE], [JOB_TITLE], [SUPERVISOR], [LOCATION], [TYPE_OF_WORK]) VALUES (CAST(3 AS Numeric(18, 0)), N'113', N'Accounting Dep’t	', NULL, CAST(N'2017-03-04' AS Date), CAST(N'2017-05-06' AS Date), NULL, N'Mr.Hung', NULL, NULL)
INSERT [dbo].[JOB_HISTORY] ([JOB_HISTORY_ID], [EMPLOYMENT_ID], [DEPARTMENT], [DIVISION], [FROM_DATE], [THRU_DATE], [JOB_TITLE], [SUPERVISOR], [LOCATION], [TYPE_OF_WORK]) VALUES (CAST(4 AS Numeric(18, 0)), N'114', N'Accounting Dep’t	', NULL, CAST(N'2019-03-05' AS Date), CAST(N'2019-06-07' AS Date), NULL, N'Mr.Hung', NULL, NULL)
INSERT [dbo].[JOB_HISTORY] ([JOB_HISTORY_ID], [EMPLOYMENT_ID], [DEPARTMENT], [DIVISION], [FROM_DATE], [THRU_DATE], [JOB_TITLE], [SUPERVISOR], [LOCATION], [TYPE_OF_WORK]) VALUES (CAST(5 AS Numeric(18, 0)), N'115', N'Accounting Dep’t	', NULL, CAST(N'2018-02-04' AS Date), CAST(N'2019-04-05' AS Date), NULL, N'Mr.Hung', NULL, NULL)
INSERT [dbo].[JOB_HISTORY] ([JOB_HISTORY_ID], [EMPLOYMENT_ID], [DEPARTMENT], [DIVISION], [FROM_DATE], [THRU_DATE], [JOB_TITLE], [SUPERVISOR], [LOCATION], [TYPE_OF_WORK]) VALUES (CAST(6 AS Numeric(18, 0)), N'116', N'Accounting Dep’t	', NULL, CAST(N'2018-07-08' AS Date), CAST(N'2018-09-01' AS Date), NULL, N'Mr.Hung', NULL, NULL)
INSERT [dbo].[JOB_HISTORY] ([JOB_HISTORY_ID], [EMPLOYMENT_ID], [DEPARTMENT], [DIVISION], [FROM_DATE], [THRU_DATE], [JOB_TITLE], [SUPERVISOR], [LOCATION], [TYPE_OF_WORK]) VALUES (CAST(7 AS Numeric(18, 0)), N'117', N'Accounting Dep’t	', NULL, CAST(N'2019-04-05' AS Date), CAST(N'2019-07-08' AS Date), NULL, N'Mr.Hung', NULL, NULL)
INSERT [dbo].[JOB_HISTORY] ([JOB_HISTORY_ID], [EMPLOYMENT_ID], [DEPARTMENT], [DIVISION], [FROM_DATE], [THRU_DATE], [JOB_TITLE], [SUPERVISOR], [LOCATION], [TYPE_OF_WORK]) VALUES (CAST(8 AS Numeric(18, 0)), N'118', N'Accounting Dep’t	', NULL, CAST(N'2016-03-02' AS Date), CAST(N'2017-01-01' AS Date), NULL, N'Mr.Hung', NULL, NULL)
INSERT [dbo].[JOB_HISTORY] ([JOB_HISTORY_ID], [EMPLOYMENT_ID], [DEPARTMENT], [DIVISION], [FROM_DATE], [THRU_DATE], [JOB_TITLE], [SUPERVISOR], [LOCATION], [TYPE_OF_WORK]) VALUES (CAST(9 AS Numeric(18, 0)), N'119', N'IT Dep’t', NULL, CAST(N'2017-09-10' AS Date), CAST(N'2018-03-04' AS Date), NULL, N'Mr.Huy', NULL, NULL)
INSERT [dbo].[JOB_HISTORY] ([JOB_HISTORY_ID], [EMPLOYMENT_ID], [DEPARTMENT], [DIVISION], [FROM_DATE], [THRU_DATE], [JOB_TITLE], [SUPERVISOR], [LOCATION], [TYPE_OF_WORK]) VALUES (CAST(10 AS Numeric(18, 0)), N'120', N'IT Dep’t', NULL, CAST(N'2018-04-06' AS Date), CAST(N'2019-03-03' AS Date), NULL, N'Mr.Huy', NULL, NULL)
INSERT [dbo].[JOB_HISTORY] ([JOB_HISTORY_ID], [EMPLOYMENT_ID], [DEPARTMENT], [DIVISION], [FROM_DATE], [THRU_DATE], [JOB_TITLE], [SUPERVISOR], [LOCATION], [TYPE_OF_WORK]) VALUES (CAST(11 AS Numeric(18, 0)), N'121', N'IT Dep’t', NULL, CAST(N'2018-04-07' AS Date), CAST(N'2018-09-10' AS Date), NULL, N'Mr.Huy', NULL, NULL)
INSERT [dbo].[JOB_HISTORY] ([JOB_HISTORY_ID], [EMPLOYMENT_ID], [DEPARTMENT], [DIVISION], [FROM_DATE], [THRU_DATE], [JOB_TITLE], [SUPERVISOR], [LOCATION], [TYPE_OF_WORK]) VALUES (CAST(12 AS Numeric(18, 0)), N'122', N'IT Dep’t', NULL, CAST(N'2019-11-30' AS Date), CAST(N'2020-04-05' AS Date), NULL, N'Mr.Huy', NULL, NULL)
INSERT [dbo].[JOB_HISTORY] ([JOB_HISTORY_ID], [EMPLOYMENT_ID], [DEPARTMENT], [DIVISION], [FROM_DATE], [THRU_DATE], [JOB_TITLE], [SUPERVISOR], [LOCATION], [TYPE_OF_WORK]) VALUES (CAST(13 AS Numeric(18, 0)), N'123', N'IT Dep’t', NULL, CAST(N'2017-11-27' AS Date), CAST(N'2018-04-07' AS Date), NULL, N'Mr.Huy', NULL, NULL)
INSERT [dbo].[JOB_HISTORY] ([JOB_HISTORY_ID], [EMPLOYMENT_ID], [DEPARTMENT], [DIVISION], [FROM_DATE], [THRU_DATE], [JOB_TITLE], [SUPERVISOR], [LOCATION], [TYPE_OF_WORK]) VALUES (CAST(14 AS Numeric(18, 0)), N'124', N'IT Dep’t', NULL, CAST(N'2019-02-20' AS Date), CAST(N'2019-07-08' AS Date), NULL, N'Mr.Huy', NULL, NULL)
INSERT [dbo].[JOB_HISTORY] ([JOB_HISTORY_ID], [EMPLOYMENT_ID], [DEPARTMENT], [DIVISION], [FROM_DATE], [THRU_DATE], [JOB_TITLE], [SUPERVISOR], [LOCATION], [TYPE_OF_WORK]) VALUES (CAST(15 AS Numeric(18, 0)), N'125', N'IT Dep’t', NULL, CAST(N'2017-03-18' AS Date), CAST(N'2018-09-09' AS Date), NULL, N'Mr.Huy', NULL, NULL)
INSERT [dbo].[JOB_HISTORY] ([JOB_HISTORY_ID], [EMPLOYMENT_ID], [DEPARTMENT], [DIVISION], [FROM_DATE], [THRU_DATE], [JOB_TITLE], [SUPERVISOR], [LOCATION], [TYPE_OF_WORK]) VALUES (CAST(16 AS Numeric(18, 0)), N'126', N'Human Resource Dep’t	', NULL, CAST(N'2017-03-06' AS Date), CAST(N'2017-09-10' AS Date), NULL, N'Mrs.Hoa', NULL, NULL)
INSERT [dbo].[JOB_HISTORY] ([JOB_HISTORY_ID], [EMPLOYMENT_ID], [DEPARTMENT], [DIVISION], [FROM_DATE], [THRU_DATE], [JOB_TITLE], [SUPERVISOR], [LOCATION], [TYPE_OF_WORK]) VALUES (CAST(17 AS Numeric(18, 0)), N'127', N'Human Resource Dep’t	', NULL, CAST(N'2018-05-06' AS Date), CAST(N'2018-08-09' AS Date), NULL, N'Mrs.Hoa', NULL, NULL)
INSERT [dbo].[JOB_HISTORY] ([JOB_HISTORY_ID], [EMPLOYMENT_ID], [DEPARTMENT], [DIVISION], [FROM_DATE], [THRU_DATE], [JOB_TITLE], [SUPERVISOR], [LOCATION], [TYPE_OF_WORK]) VALUES (CAST(18 AS Numeric(18, 0)), N'128', N'Human Resource Dep’t	', NULL, CAST(N'2019-02-04' AS Date), CAST(N'2019-12-30' AS Date), NULL, N'Mrs.Hoa', NULL, NULL)
INSERT [dbo].[JOB_HISTORY] ([JOB_HISTORY_ID], [EMPLOYMENT_ID], [DEPARTMENT], [DIVISION], [FROM_DATE], [THRU_DATE], [JOB_TITLE], [SUPERVISOR], [LOCATION], [TYPE_OF_WORK]) VALUES (CAST(20 AS Numeric(18, 0)), N'129', N'Human Resource Dep’t	', NULL, CAST(N'2019-06-08' AS Date), CAST(N'2020-01-03' AS Date), NULL, N'Mrs.Hoa', NULL, NULL)
INSERT [dbo].[JOB_HISTORY] ([JOB_HISTORY_ID], [EMPLOYMENT_ID], [DEPARTMENT], [DIVISION], [FROM_DATE], [THRU_DATE], [JOB_TITLE], [SUPERVISOR], [LOCATION], [TYPE_OF_WORK]) VALUES (CAST(21 AS Numeric(18, 0)), N'130', N'Human Resource Dep’t	', NULL, CAST(N'2019-04-07' AS Date), CAST(N'2020-05-07' AS Date), NULL, N'Mrs.Hoa', NULL, NULL)
INSERT [dbo].[JOB_HISTORY] ([JOB_HISTORY_ID], [EMPLOYMENT_ID], [DEPARTMENT], [DIVISION], [FROM_DATE], [THRU_DATE], [JOB_TITLE], [SUPERVISOR], [LOCATION], [TYPE_OF_WORK]) VALUES (CAST(22 AS Numeric(18, 0)), N'131', N'Customer Service Dep’t	', NULL, CAST(N'2016-04-07' AS Date), CAST(N'2017-08-09' AS Date), NULL, N'Mrs.Na', NULL, NULL)
INSERT [dbo].[JOB_HISTORY] ([JOB_HISTORY_ID], [EMPLOYMENT_ID], [DEPARTMENT], [DIVISION], [FROM_DATE], [THRU_DATE], [JOB_TITLE], [SUPERVISOR], [LOCATION], [TYPE_OF_WORK]) VALUES (CAST(23 AS Numeric(18, 0)), N'132', N'Customer Service Dep’t	', NULL, CAST(N'2018-06-07' AS Date), CAST(N'2019-06-07' AS Date), NULL, N'Mrs.Na', NULL, NULL)
INSERT [dbo].[JOB_HISTORY] ([JOB_HISTORY_ID], [EMPLOYMENT_ID], [DEPARTMENT], [DIVISION], [FROM_DATE], [THRU_DATE], [JOB_TITLE], [SUPERVISOR], [LOCATION], [TYPE_OF_WORK]) VALUES (CAST(24 AS Numeric(18, 0)), N'133', N'Customer Service Dep’t	', NULL, CAST(N'2019-05-08' AS Date), CAST(N'2019-07-08' AS Date), NULL, N'Mrs.Na', NULL, NULL)
INSERT [dbo].[JOB_HISTORY] ([JOB_HISTORY_ID], [EMPLOYMENT_ID], [DEPARTMENT], [DIVISION], [FROM_DATE], [THRU_DATE], [JOB_TITLE], [SUPERVISOR], [LOCATION], [TYPE_OF_WORK]) VALUES (CAST(25 AS Numeric(18, 0)), N'134', N'Customer Service Dep’t	', NULL, CAST(N'2020-01-05' AS Date), CAST(N'2020-04-07' AS Date), NULL, N'Mrs.Na', NULL, NULL)
INSERT [dbo].[JOB_HISTORY] ([JOB_HISTORY_ID], [EMPLOYMENT_ID], [DEPARTMENT], [DIVISION], [FROM_DATE], [THRU_DATE], [JOB_TITLE], [SUPERVISOR], [LOCATION], [TYPE_OF_WORK]) VALUES (CAST(26 AS Numeric(18, 0)), N'135', N'Customer Service Dep’t	', NULL, CAST(N'2016-05-07' AS Date), CAST(N'2018-02-04' AS Date), NULL, N'Mrs.Na', NULL, NULL)
INSERT [dbo].[JOB_HISTORY] ([JOB_HISTORY_ID], [EMPLOYMENT_ID], [DEPARTMENT], [DIVISION], [FROM_DATE], [THRU_DATE], [JOB_TITLE], [SUPERVISOR], [LOCATION], [TYPE_OF_WORK]) VALUES (CAST(27 AS Numeric(18, 0)), N'136', N'Administration Dep’t	', NULL, CAST(N'2019-03-06' AS Date), CAST(N'2019-04-07' AS Date), NULL, N'Mr.Loc', NULL, NULL)
INSERT [dbo].[JOB_HISTORY] ([JOB_HISTORY_ID], [EMPLOYMENT_ID], [DEPARTMENT], [DIVISION], [FROM_DATE], [THRU_DATE], [JOB_TITLE], [SUPERVISOR], [LOCATION], [TYPE_OF_WORK]) VALUES (CAST(28 AS Numeric(18, 0)), N'137', N'Administration Dep’t	', NULL, CAST(N'2017-05-07' AS Date), CAST(N'2019-05-14' AS Date), NULL, N'Mr.Loc', NULL, NULL)
INSERT [dbo].[JOB_HISTORY] ([JOB_HISTORY_ID], [EMPLOYMENT_ID], [DEPARTMENT], [DIVISION], [FROM_DATE], [THRU_DATE], [JOB_TITLE], [SUPERVISOR], [LOCATION], [TYPE_OF_WORK]) VALUES (CAST(29 AS Numeric(18, 0)), N'138', N'Administration Dep’t	', NULL, CAST(N'2019-05-12' AS Date), CAST(N'2019-10-11' AS Date), NULL, N'Mr.Loc', NULL, NULL)
INSERT [dbo].[JOB_HISTORY] ([JOB_HISTORY_ID], [EMPLOYMENT_ID], [DEPARTMENT], [DIVISION], [FROM_DATE], [THRU_DATE], [JOB_TITLE], [SUPERVISOR], [LOCATION], [TYPE_OF_WORK]) VALUES (CAST(30 AS Numeric(18, 0)), N'139', N'Administration Dep’t	', NULL, CAST(N'2018-12-05' AS Date), CAST(N'2019-06-07' AS Date), NULL, N'Mr.Loc', NULL, NULL)
INSERT [dbo].[JOB_HISTORY] ([JOB_HISTORY_ID], [EMPLOYMENT_ID], [DEPARTMENT], [DIVISION], [FROM_DATE], [THRU_DATE], [JOB_TITLE], [SUPERVISOR], [LOCATION], [TYPE_OF_WORK]) VALUES (CAST(31 AS Numeric(18, 0)), N'140', N'Accounting Dep’t	', NULL, CAST(N'2019-03-04' AS Date), CAST(N'2019-04-05' AS Date), NULL, N'Mr.Hung', NULL, NULL)
INSERT [dbo].[JOB_HISTORY] ([JOB_HISTORY_ID], [EMPLOYMENT_ID], [DEPARTMENT], [DIVISION], [FROM_DATE], [THRU_DATE], [JOB_TITLE], [SUPERVISOR], [LOCATION], [TYPE_OF_WORK]) VALUES (CAST(32 AS Numeric(18, 0)), N'141', N'Accounting Dep’t	', NULL, CAST(N'2020-01-03' AS Date), CAST(N'2020-04-05' AS Date), NULL, N'Mr.Hung', NULL, NULL)
INSERT [dbo].[JOB_HISTORY] ([JOB_HISTORY_ID], [EMPLOYMENT_ID], [DEPARTMENT], [DIVISION], [FROM_DATE], [THRU_DATE], [JOB_TITLE], [SUPERVISOR], [LOCATION], [TYPE_OF_WORK]) VALUES (CAST(33 AS Numeric(18, 0)), N'142', N'Accounting Dep’t	', NULL, CAST(N'2018-03-05' AS Date), CAST(N'0019-01-03' AS Date), NULL, N'Mr.Hung', NULL, NULL)
INSERT [dbo].[JOB_HISTORY] ([JOB_HISTORY_ID], [EMPLOYMENT_ID], [DEPARTMENT], [DIVISION], [FROM_DATE], [THRU_DATE], [JOB_TITLE], [SUPERVISOR], [LOCATION], [TYPE_OF_WORK]) VALUES (CAST(34 AS Numeric(18, 0)), N'143', N'IT Dep’t', NULL, CAST(N'2018-04-07' AS Date), CAST(N'2019-02-04' AS Date), NULL, N'Mr.Huy', NULL, NULL)
INSERT [dbo].[JOB_HISTORY] ([JOB_HISTORY_ID], [EMPLOYMENT_ID], [DEPARTMENT], [DIVISION], [FROM_DATE], [THRU_DATE], [JOB_TITLE], [SUPERVISOR], [LOCATION], [TYPE_OF_WORK]) VALUES (CAST(35 AS Numeric(18, 0)), N'144', N'IT Dep’t', NULL, CAST(N'2019-12-07' AS Date), CAST(N'2020-04-03' AS Date), NULL, N'Mr.Huy', NULL, NULL)
INSERT [dbo].[JOB_HISTORY] ([JOB_HISTORY_ID], [EMPLOYMENT_ID], [DEPARTMENT], [DIVISION], [FROM_DATE], [THRU_DATE], [JOB_TITLE], [SUPERVISOR], [LOCATION], [TYPE_OF_WORK]) VALUES (CAST(36 AS Numeric(18, 0)), N'145', N'IT Dep’t', NULL, CAST(N'2019-10-20' AS Date), CAST(N'2020-01-05' AS Date), NULL, N'Mr.Huy', NULL, NULL)
INSERT [dbo].[JOB_HISTORY] ([JOB_HISTORY_ID], [EMPLOYMENT_ID], [DEPARTMENT], [DIVISION], [FROM_DATE], [THRU_DATE], [JOB_TITLE], [SUPERVISOR], [LOCATION], [TYPE_OF_WORK]) VALUES (CAST(37 AS Numeric(18, 0)), N'146', N'IT Dep’t', NULL, CAST(N'2018-10-03' AS Date), CAST(N'2018-12-09' AS Date), NULL, N'Mr.Huy', NULL, NULL)
INSERT [dbo].[JOB_HISTORY] ([JOB_HISTORY_ID], [EMPLOYMENT_ID], [DEPARTMENT], [DIVISION], [FROM_DATE], [THRU_DATE], [JOB_TITLE], [SUPERVISOR], [LOCATION], [TYPE_OF_WORK]) VALUES (CAST(38 AS Numeric(18, 0)), N'147', N'Human Resource Dep’t	', NULL, CAST(N'2019-03-05' AS Date), CAST(N'2019-06-07' AS Date), NULL, N'Mrs.Hoa', NULL, NULL)
INSERT [dbo].[JOB_HISTORY] ([JOB_HISTORY_ID], [EMPLOYMENT_ID], [DEPARTMENT], [DIVISION], [FROM_DATE], [THRU_DATE], [JOB_TITLE], [SUPERVISOR], [LOCATION], [TYPE_OF_WORK]) VALUES (CAST(39 AS Numeric(18, 0)), N'148', N'Human Resource Dep’t	', NULL, CAST(N'2018-04-08' AS Date), CAST(N'2018-07-03' AS Date), NULL, N'Mrs.Hoa', NULL, NULL)
INSERT [dbo].[JOB_HISTORY] ([JOB_HISTORY_ID], [EMPLOYMENT_ID], [DEPARTMENT], [DIVISION], [FROM_DATE], [THRU_DATE], [JOB_TITLE], [SUPERVISOR], [LOCATION], [TYPE_OF_WORK]) VALUES (CAST(40 AS Numeric(18, 0)), N'149', N'Human Resource Dep’t	', NULL, CAST(N'2017-03-08' AS Date), CAST(N'2018-05-07' AS Date), NULL, N'Mrs.Hoa', NULL, NULL)
INSERT [dbo].[JOB_HISTORY] ([JOB_HISTORY_ID], [EMPLOYMENT_ID], [DEPARTMENT], [DIVISION], [FROM_DATE], [THRU_DATE], [JOB_TITLE], [SUPERVISOR], [LOCATION], [TYPE_OF_WORK]) VALUES (CAST(41 AS Numeric(18, 0)), N'150', N'Administration Dep’t	', NULL, CAST(N'2018-04-02' AS Date), CAST(N'2018-06-08' AS Date), NULL, N'Mr.Loc', NULL, NULL)
GO
INSERT [dbo].[PERSONAL] ([PERSONAL_ID], [EMPLOYEE_ID], [CURRENT_FIRST_NAME], [CURRENT_LAST_NAME], [CURRENT_MIDDLE_NAME], [BIRTH_DATE], [SOCIAL_SECURITY_NUMBER], [DRIVERS_LICENSE], [CURRENT_ADDRESS_1], [CURRENT_ADDRESS_2], [CURRENT_CITY], [CURRENT_COUNTRY], [CURRENT_ZIP], [CURRENT_GENDER], [CURRENT_PHONE_NUMBER], [CURRENT_PERSONAL_EMAIL], [CURRENT_MARITAL_STATUS], [ETHNICITY], [SHAREHOLDER_STATUS], [BENEFIT_PLAN_ID]) VALUES (CAST(1 AS Numeric(18, 0)), N'111', N'Phu', N'Nguyen', N'Thanh', CAST(N'1999-05-22' AS Date), N'214241241', N'314534514151', N'Tran Phu, Da Nang', N'Tran Phu, Da Nang', N'Da Nang', N'Viet Nam', NULL, N'Male', N'03213153', N'thanhphu@gmail.com', NULL, N'Viet      ', 1, CAST(1 AS Numeric(18, 0)))
INSERT [dbo].[PERSONAL] ([PERSONAL_ID], [EMPLOYEE_ID], [CURRENT_FIRST_NAME], [CURRENT_LAST_NAME], [CURRENT_MIDDLE_NAME], [BIRTH_DATE], [SOCIAL_SECURITY_NUMBER], [DRIVERS_LICENSE], [CURRENT_ADDRESS_1], [CURRENT_ADDRESS_2], [CURRENT_CITY], [CURRENT_COUNTRY], [CURRENT_ZIP], [CURRENT_GENDER], [CURRENT_PHONE_NUMBER], [CURRENT_PERSONAL_EMAIL], [CURRENT_MARITAL_STATUS], [ETHNICITY], [SHAREHOLDER_STATUS], [BENEFIT_PLAN_ID]) VALUES (CAST(2 AS Numeric(18, 0)), N'112', N'Hoan', N'Le', N'Pham', CAST(N'1999-06-14' AS Date), N'1242113515', N'12513513', N'Hoa Khanh, Da Nang', N'Hoa Khanh, Da Nang', N'Da Nang', N'Viet Nam', NULL, N'Male', N'021215455', N'lehoan@gmail.com', NULL, N'Viet      ', 1, CAST(1 AS Numeric(18, 0)))
INSERT [dbo].[PERSONAL] ([PERSONAL_ID], [EMPLOYEE_ID], [CURRENT_FIRST_NAME], [CURRENT_LAST_NAME], [CURRENT_MIDDLE_NAME], [BIRTH_DATE], [SOCIAL_SECURITY_NUMBER], [DRIVERS_LICENSE], [CURRENT_ADDRESS_1], [CURRENT_ADDRESS_2], [CURRENT_CITY], [CURRENT_COUNTRY], [CURRENT_ZIP], [CURRENT_GENDER], [CURRENT_PHONE_NUMBER], [CURRENT_PERSONAL_EMAIL], [CURRENT_MARITAL_STATUS], [ETHNICITY], [SHAREHOLDER_STATUS], [BENEFIT_PLAN_ID]) VALUES (CAST(3 AS Numeric(18, 0)), N'113', N'Toi', N'Nguyen', N'Minh', CAST(N'1999-05-05' AS Date), N'3423535151', N'13453453145', N'Son Tra, Da Nang', N'Son Tra, Da Nang', N'Da Nang', N'Viet Nam', NULL, N'Male', N'035151545', N'minhtoi@gmail.com', NULL, N'Viet      ', 1, CAST(1 AS Numeric(18, 0)))
INSERT [dbo].[PERSONAL] ([PERSONAL_ID], [EMPLOYEE_ID], [CURRENT_FIRST_NAME], [CURRENT_LAST_NAME], [CURRENT_MIDDLE_NAME], [BIRTH_DATE], [SOCIAL_SECURITY_NUMBER], [DRIVERS_LICENSE], [CURRENT_ADDRESS_1], [CURRENT_ADDRESS_2], [CURRENT_CITY], [CURRENT_COUNTRY], [CURRENT_ZIP], [CURRENT_GENDER], [CURRENT_PHONE_NUMBER], [CURRENT_PERSONAL_EMAIL], [CURRENT_MARITAL_STATUS], [ETHNICITY], [SHAREHOLDER_STATUS], [BENEFIT_PLAN_ID]) VALUES (CAST(4 AS Numeric(18, 0)), N'114', N'Ni', N'Nguyen', N'Bich', CAST(N'1999-09-06' AS Date), N'2343523235', N'1353451511', N'Dien Ban, Quang Nam', N'Dien Ban, Quang Nam', N'Quang Nam', N'Viet Nam', NULL, N'Female', N'023154562', N'bichni@gmail.com', NULL, N'Viet      ', 1, CAST(1 AS Numeric(18, 0)))
INSERT [dbo].[PERSONAL] ([PERSONAL_ID], [EMPLOYEE_ID], [CURRENT_FIRST_NAME], [CURRENT_LAST_NAME], [CURRENT_MIDDLE_NAME], [BIRTH_DATE], [SOCIAL_SECURITY_NUMBER], [DRIVERS_LICENSE], [CURRENT_ADDRESS_1], [CURRENT_ADDRESS_2], [CURRENT_CITY], [CURRENT_COUNTRY], [CURRENT_ZIP], [CURRENT_GENDER], [CURRENT_PHONE_NUMBER], [CURRENT_PERSONAL_EMAIL], [CURRENT_MARITAL_STATUS], [ETHNICITY], [SHAREHOLDER_STATUS], [BENEFIT_PLAN_ID]) VALUES (CAST(5 AS Numeric(18, 0)), N'115', N'Thuong', N'Huynh', N'Quy', CAST(N'1999-05-12' AS Date), N'21343153512', N'32153453666', N'Phu My, Binh Dinh', N'Phu My, Binh Dinh', N'Binh Dinh', N'Viet Nam', NULL, N'Female', N'032155151', N'quythuong@gmail.com', NULL, N'Viet      ', 1, CAST(1 AS Numeric(18, 0)))
INSERT [dbo].[PERSONAL] ([PERSONAL_ID], [EMPLOYEE_ID], [CURRENT_FIRST_NAME], [CURRENT_LAST_NAME], [CURRENT_MIDDLE_NAME], [BIRTH_DATE], [SOCIAL_SECURITY_NUMBER], [DRIVERS_LICENSE], [CURRENT_ADDRESS_1], [CURRENT_ADDRESS_2], [CURRENT_CITY], [CURRENT_COUNTRY], [CURRENT_ZIP], [CURRENT_GENDER], [CURRENT_PHONE_NUMBER], [CURRENT_PERSONAL_EMAIL], [CURRENT_MARITAL_STATUS], [ETHNICITY], [SHAREHOLDER_STATUS], [BENEFIT_PLAN_ID]) VALUES (CAST(6 AS Numeric(18, 0)), N'116', N'Ngan', N'Thanh', N'Le', CAST(N'1999-03-03' AS Date), N'1242141355', N'23314534554', N'Van Linh, Quy Nhon', N'Van Linh, Quy Nhon', N'Quy Nhon', N'Viet Nam', NULL, N'Female', N'051561515', N'thanhngan@gmail.com', NULL, N'Viet      ', 1, CAST(1 AS Numeric(18, 0)))
INSERT [dbo].[PERSONAL] ([PERSONAL_ID], [EMPLOYEE_ID], [CURRENT_FIRST_NAME], [CURRENT_LAST_NAME], [CURRENT_MIDDLE_NAME], [BIRTH_DATE], [SOCIAL_SECURITY_NUMBER], [DRIVERS_LICENSE], [CURRENT_ADDRESS_1], [CURRENT_ADDRESS_2], [CURRENT_CITY], [CURRENT_COUNTRY], [CURRENT_ZIP], [CURRENT_GENDER], [CURRENT_PHONE_NUMBER], [CURRENT_PERSONAL_EMAIL], [CURRENT_MARITAL_STATUS], [ETHNICITY], [SHAREHOLDER_STATUS], [BENEFIT_PLAN_ID]) VALUES (CAST(7 AS Numeric(18, 0)), N'117', N'Nguyet', N'Huynh', N'Minh', CAST(N'1999-03-05' AS Date), N'3423153553', N'1515125555', N'Duy Linh, Da Lat', N'Duy Linh, Da Lat', N'Da Lat', N'Viet Nam', NULL, N'Female', N'0541512011', N'minhnguyet@gmail.com', NULL, N'Viet      ', 1, CAST(1 AS Numeric(18, 0)))
INSERT [dbo].[PERSONAL] ([PERSONAL_ID], [EMPLOYEE_ID], [CURRENT_FIRST_NAME], [CURRENT_LAST_NAME], [CURRENT_MIDDLE_NAME], [BIRTH_DATE], [SOCIAL_SECURITY_NUMBER], [DRIVERS_LICENSE], [CURRENT_ADDRESS_1], [CURRENT_ADDRESS_2], [CURRENT_CITY], [CURRENT_COUNTRY], [CURRENT_ZIP], [CURRENT_GENDER], [CURRENT_PHONE_NUMBER], [CURRENT_PERSONAL_EMAIL], [CURRENT_MARITAL_STATUS], [ETHNICITY], [SHAREHOLDER_STATUS], [BENEFIT_PLAN_ID]) VALUES (CAST(8 AS Numeric(18, 0)), N'118', N'Tu', N'Nguyen', N'Anh', CAST(N'1998-04-02' AS Date), N'2141253153', N'3456264564', N'Bac My, Phu Yen', N'Bac My, Phu Yen', N'Phu Yen', N'Viet Nam', NULL, N'Male', N'051511211', N'anhtu@gmail.com', NULL, N'Viet      ', 1, CAST(1 AS Numeric(18, 0)))
INSERT [dbo].[PERSONAL] ([PERSONAL_ID], [EMPLOYEE_ID], [CURRENT_FIRST_NAME], [CURRENT_LAST_NAME], [CURRENT_MIDDLE_NAME], [BIRTH_DATE], [SOCIAL_SECURITY_NUMBER], [DRIVERS_LICENSE], [CURRENT_ADDRESS_1], [CURRENT_ADDRESS_2], [CURRENT_CITY], [CURRENT_COUNTRY], [CURRENT_ZIP], [CURRENT_GENDER], [CURRENT_PHONE_NUMBER], [CURRENT_PERSONAL_EMAIL], [CURRENT_MARITAL_STATUS], [ETHNICITY], [SHAREHOLDER_STATUS], [BENEFIT_PLAN_ID]) VALUES (CAST(9 AS Numeric(18, 0)), N'119', N'Kieu', N'Nguyen', N'Van', CAST(N'1999-04-06' AS Date), N'1245325235', N'3453264266', N'Hai Chau. Da Nang', N'Hai Chau. Da Nang', N'Da Nang', N'Viet Nam', NULL, N'Male', N'051532121', N'vankieu@gmail.com', NULL, N'Viet      ', 1, CAST(1 AS Numeric(18, 0)))
INSERT [dbo].[PERSONAL] ([PERSONAL_ID], [EMPLOYEE_ID], [CURRENT_FIRST_NAME], [CURRENT_LAST_NAME], [CURRENT_MIDDLE_NAME], [BIRTH_DATE], [SOCIAL_SECURITY_NUMBER], [DRIVERS_LICENSE], [CURRENT_ADDRESS_1], [CURRENT_ADDRESS_2], [CURRENT_CITY], [CURRENT_COUNTRY], [CURRENT_ZIP], [CURRENT_GENDER], [CURRENT_PHONE_NUMBER], [CURRENT_PERSONAL_EMAIL], [CURRENT_MARITAL_STATUS], [ETHNICITY], [SHAREHOLDER_STATUS], [BENEFIT_PLAN_ID]) VALUES (CAST(10 AS Numeric(18, 0)), N'120', N'Thien', N'Nguyen', N'Huu', CAST(N'1999-09-10' AS Date), N'1423412414', N'1242143155', N'Dien Ban, Quang Nam', N'Dien Ban, Quang Nam', N'Quang Nam', N'Viet Nam', NULL, N'Male', N'064153265', N'huuthien@gmail.com', NULL, N'Viet      ', 1, CAST(1 AS Numeric(18, 0)))
INSERT [dbo].[PERSONAL] ([PERSONAL_ID], [EMPLOYEE_ID], [CURRENT_FIRST_NAME], [CURRENT_LAST_NAME], [CURRENT_MIDDLE_NAME], [BIRTH_DATE], [SOCIAL_SECURITY_NUMBER], [DRIVERS_LICENSE], [CURRENT_ADDRESS_1], [CURRENT_ADDRESS_2], [CURRENT_CITY], [CURRENT_COUNTRY], [CURRENT_ZIP], [CURRENT_GENDER], [CURRENT_PHONE_NUMBER], [CURRENT_PERSONAL_EMAIL], [CURRENT_MARITAL_STATUS], [ETHNICITY], [SHAREHOLDER_STATUS], [BENEFIT_PLAN_ID]) VALUES (CAST(11 AS Numeric(18, 0)), N'121', N'Tuong', N'Nguyen', N'Huu', CAST(N'1999-01-20' AS Date), N'1424124124', N'1253454354', N'Thuan An, TT Hue', N'Thuan An, TT Hue', N'TT Hue', N'Viet Nam', NULL, N'Male', N'045125125', N'huutuong@gmail.com', NULL, N'Viet      ', 1, CAST(2 AS Numeric(18, 0)))
INSERT [dbo].[PERSONAL] ([PERSONAL_ID], [EMPLOYEE_ID], [CURRENT_FIRST_NAME], [CURRENT_LAST_NAME], [CURRENT_MIDDLE_NAME], [BIRTH_DATE], [SOCIAL_SECURITY_NUMBER], [DRIVERS_LICENSE], [CURRENT_ADDRESS_1], [CURRENT_ADDRESS_2], [CURRENT_CITY], [CURRENT_COUNTRY], [CURRENT_ZIP], [CURRENT_GENDER], [CURRENT_PHONE_NUMBER], [CURRENT_PERSONAL_EMAIL], [CURRENT_MARITAL_STATUS], [ETHNICITY], [SHAREHOLDER_STATUS], [BENEFIT_PLAN_ID]) VALUES (CAST(12 AS Numeric(18, 0)), N'122', N'Jade', N'Hoyer', NULL, CAST(N'1995-04-06' AS Date), N'131312421', N'1142445454', N'Chicago, America', N'Chicago, America', N'Chicago', N'America', NULL, N'Female', N'051532020', N'jade@gmail.com', NULL, N'American  ', 1, CAST(2 AS Numeric(18, 0)))
INSERT [dbo].[PERSONAL] ([PERSONAL_ID], [EMPLOYEE_ID], [CURRENT_FIRST_NAME], [CURRENT_LAST_NAME], [CURRENT_MIDDLE_NAME], [BIRTH_DATE], [SOCIAL_SECURITY_NUMBER], [DRIVERS_LICENSE], [CURRENT_ADDRESS_1], [CURRENT_ADDRESS_2], [CURRENT_CITY], [CURRENT_COUNTRY], [CURRENT_ZIP], [CURRENT_GENDER], [CURRENT_PHONE_NUMBER], [CURRENT_PERSONAL_EMAIL], [CURRENT_MARITAL_STATUS], [ETHNICITY], [SHAREHOLDER_STATUS], [BENEFIT_PLAN_ID]) VALUES (CAST(13 AS Numeric(18, 0)), N'123', N'Dway', N'Hoyer', NULL, CAST(N'1992-03-04' AS Date), N'14241534', N'1514351555', N'California, America', N'California, America', N'California', N'America', NULL, N'Male', N'051212212', N'Dway@gmail.com', NULL, N'American  ', 1, CAST(2 AS Numeric(18, 0)))
INSERT [dbo].[PERSONAL] ([PERSONAL_ID], [EMPLOYEE_ID], [CURRENT_FIRST_NAME], [CURRENT_LAST_NAME], [CURRENT_MIDDLE_NAME], [BIRTH_DATE], [SOCIAL_SECURITY_NUMBER], [DRIVERS_LICENSE], [CURRENT_ADDRESS_1], [CURRENT_ADDRESS_2], [CURRENT_CITY], [CURRENT_COUNTRY], [CURRENT_ZIP], [CURRENT_GENDER], [CURRENT_PHONE_NUMBER], [CURRENT_PERSONAL_EMAIL], [CURRENT_MARITAL_STATUS], [ETHNICITY], [SHAREHOLDER_STATUS], [BENEFIT_PLAN_ID]) VALUES (CAST(14 AS Numeric(18, 0)), N'124', N'Ngoc', N'Hoyer', N'Bao', CAST(N'1993-02-08' AS Date), N'14151355', N'1545353555', N'Michigan, America', N'Michigan, America', N'Michigan', N'America', NULL, N'Female', N'053121211', N'ngochoyer@gmail.com', NULL, N'None      ', 2, CAST(2 AS Numeric(18, 0)))
INSERT [dbo].[PERSONAL] ([PERSONAL_ID], [EMPLOYEE_ID], [CURRENT_FIRST_NAME], [CURRENT_LAST_NAME], [CURRENT_MIDDLE_NAME], [BIRTH_DATE], [SOCIAL_SECURITY_NUMBER], [DRIVERS_LICENSE], [CURRENT_ADDRESS_1], [CURRENT_ADDRESS_2], [CURRENT_CITY], [CURRENT_COUNTRY], [CURRENT_ZIP], [CURRENT_GENDER], [CURRENT_PHONE_NUMBER], [CURRENT_PERSONAL_EMAIL], [CURRENT_MARITAL_STATUS], [ETHNICITY], [SHAREHOLDER_STATUS], [BENEFIT_PLAN_ID]) VALUES (CAST(15 AS Numeric(18, 0)), N'125', N'Binh', N'Huynh', N'Van', CAST(N'1996-04-05' AS Date), N'142523523', N'7543211314', N'Bien Hoa, Dong Nai', N'Bien Hoa, Dong Nai', N'Dong Nai', N'Viet Nam', NULL, N'Male', N'051531321', N'binhhuynh@gmail.com', NULL, N'Viet      ', 2, CAST(2 AS Numeric(18, 0)))
INSERT [dbo].[PERSONAL] ([PERSONAL_ID], [EMPLOYEE_ID], [CURRENT_FIRST_NAME], [CURRENT_LAST_NAME], [CURRENT_MIDDLE_NAME], [BIRTH_DATE], [SOCIAL_SECURITY_NUMBER], [DRIVERS_LICENSE], [CURRENT_ADDRESS_1], [CURRENT_ADDRESS_2], [CURRENT_CITY], [CURRENT_COUNTRY], [CURRENT_ZIP], [CURRENT_GENDER], [CURRENT_PHONE_NUMBER], [CURRENT_PERSONAL_EMAIL], [CURRENT_MARITAL_STATUS], [ETHNICITY], [SHAREHOLDER_STATUS], [BENEFIT_PLAN_ID]) VALUES (CAST(16 AS Numeric(18, 0)), N'126', N'Phuong', N'Nguyen', N'Thuy', CAST(N'1999-12-05' AS Date), N'1523454546', N'2623434535', N'Bien Hoa, Dong Nai', N'Bien Hoa, Dong Nai', N'Dong Nai', N'Viet Nam', NULL, N'Female', N'08485125', N'thuyphuong@gmail.com', NULL, N'Viet      ', 2, CAST(2 AS Numeric(18, 0)))
INSERT [dbo].[PERSONAL] ([PERSONAL_ID], [EMPLOYEE_ID], [CURRENT_FIRST_NAME], [CURRENT_LAST_NAME], [CURRENT_MIDDLE_NAME], [BIRTH_DATE], [SOCIAL_SECURITY_NUMBER], [DRIVERS_LICENSE], [CURRENT_ADDRESS_1], [CURRENT_ADDRESS_2], [CURRENT_CITY], [CURRENT_COUNTRY], [CURRENT_ZIP], [CURRENT_GENDER], [CURRENT_PHONE_NUMBER], [CURRENT_PERSONAL_EMAIL], [CURRENT_MARITAL_STATUS], [ETHNICITY], [SHAREHOLDER_STATUS], [BENEFIT_PLAN_ID]) VALUES (CAST(17 AS Numeric(18, 0)), N'127', N'Nguyen', N'Hoai', N'My', CAST(N'1995-03-27' AS Date), N'43324155435', N'3153434234', N'Duy Linh, Quang Binh', N'Duy Linh, Quang Binh', N'Quang Binh', N'Viet Nam', NULL, N'Female', N'05412132', N'hoaimy@gmail.com', NULL, N'Viet      ', 2, CAST(2 AS Numeric(18, 0)))
INSERT [dbo].[PERSONAL] ([PERSONAL_ID], [EMPLOYEE_ID], [CURRENT_FIRST_NAME], [CURRENT_LAST_NAME], [CURRENT_MIDDLE_NAME], [BIRTH_DATE], [SOCIAL_SECURITY_NUMBER], [DRIVERS_LICENSE], [CURRENT_ADDRESS_1], [CURRENT_ADDRESS_2], [CURRENT_CITY], [CURRENT_COUNTRY], [CURRENT_ZIP], [CURRENT_GENDER], [CURRENT_PHONE_NUMBER], [CURRENT_PERSONAL_EMAIL], [CURRENT_MARITAL_STATUS], [ETHNICITY], [SHAREHOLDER_STATUS], [BENEFIT_PLAN_ID]) VALUES (CAST(18 AS Numeric(18, 0)), N'128', N'Trang', N'Tran', N'Hung', CAST(N'1995-04-02' AS Date), N'3351215456', N'2353451241', N'Binh Phuoc, Nghe An', N'Binh Phuoc, Nghe An', N'Nghe An', N'Viet Nam', NULL, N'Female', N'05121231', N'huongtrang@gmail.com', NULL, N'Viet      ', 2, CAST(2 AS Numeric(18, 0)))
INSERT [dbo].[PERSONAL] ([PERSONAL_ID], [EMPLOYEE_ID], [CURRENT_FIRST_NAME], [CURRENT_LAST_NAME], [CURRENT_MIDDLE_NAME], [BIRTH_DATE], [SOCIAL_SECURITY_NUMBER], [DRIVERS_LICENSE], [CURRENT_ADDRESS_1], [CURRENT_ADDRESS_2], [CURRENT_CITY], [CURRENT_COUNTRY], [CURRENT_ZIP], [CURRENT_GENDER], [CURRENT_PHONE_NUMBER], [CURRENT_PERSONAL_EMAIL], [CURRENT_MARITAL_STATUS], [ETHNICITY], [SHAREHOLDER_STATUS], [BENEFIT_PLAN_ID]) VALUES (CAST(19 AS Numeric(18, 0)), N'129', N'Tram', N'Nguyen', N'Bao', CAST(N'1995-02-06' AS Date), N'114253536', N'2545654656', N'Lien Chieu, Da Nang', N'Lien Chieu, Da Nang', N'Da Nang', N'Viet Nam', NULL, N'Female', N'04512323', N'baotram@gmail.com', NULL, N'Viet      ', 2, CAST(2 AS Numeric(18, 0)))
INSERT [dbo].[PERSONAL] ([PERSONAL_ID], [EMPLOYEE_ID], [CURRENT_FIRST_NAME], [CURRENT_LAST_NAME], [CURRENT_MIDDLE_NAME], [BIRTH_DATE], [SOCIAL_SECURITY_NUMBER], [DRIVERS_LICENSE], [CURRENT_ADDRESS_1], [CURRENT_ADDRESS_2], [CURRENT_CITY], [CURRENT_COUNTRY], [CURRENT_ZIP], [CURRENT_GENDER], [CURRENT_PHONE_NUMBER], [CURRENT_PERSONAL_EMAIL], [CURRENT_MARITAL_STATUS], [ETHNICITY], [SHAREHOLDER_STATUS], [BENEFIT_PLAN_ID]) VALUES (CAST(20 AS Numeric(18, 0)), N'130', N'Loc', N'Phan', N'Quang', CAST(N'1999-03-06' AS Date), N'1423435356', N'1445646464', N'Go Vap, Ho Chi Minh', N'Go Vap, Ho Chi Minh', N'Ho Chi Minh', N'Viet Nam', NULL, N'Male', N'084651325', N'quangloc@gmail.com', NULL, N'Viet      ', 2, CAST(3 AS Numeric(18, 0)))
INSERT [dbo].[PERSONAL] ([PERSONAL_ID], [EMPLOYEE_ID], [CURRENT_FIRST_NAME], [CURRENT_LAST_NAME], [CURRENT_MIDDLE_NAME], [BIRTH_DATE], [SOCIAL_SECURITY_NUMBER], [DRIVERS_LICENSE], [CURRENT_ADDRESS_1], [CURRENT_ADDRESS_2], [CURRENT_CITY], [CURRENT_COUNTRY], [CURRENT_ZIP], [CURRENT_GENDER], [CURRENT_PHONE_NUMBER], [CURRENT_PERSONAL_EMAIL], [CURRENT_MARITAL_STATUS], [ETHNICITY], [SHAREHOLDER_STATUS], [BENEFIT_PLAN_ID]) VALUES (CAST(21 AS Numeric(18, 0)), N'131', N'Vy', N'Nguyen', N'Dinh', CAST(N'1994-05-06' AS Date), N'452412434', N'2534523554', N'Tan Binh, Ho Chi Minh', N'Tan Binh, Ho Chi Minh', N'Ho Chi Minh', N'Viet Nam', NULL, N'Male', N'08485641', N'dinhvy@gmail.com', NULL, N'Viet      ', 2, CAST(3 AS Numeric(18, 0)))
INSERT [dbo].[PERSONAL] ([PERSONAL_ID], [EMPLOYEE_ID], [CURRENT_FIRST_NAME], [CURRENT_LAST_NAME], [CURRENT_MIDDLE_NAME], [BIRTH_DATE], [SOCIAL_SECURITY_NUMBER], [DRIVERS_LICENSE], [CURRENT_ADDRESS_1], [CURRENT_ADDRESS_2], [CURRENT_CITY], [CURRENT_COUNTRY], [CURRENT_ZIP], [CURRENT_GENDER], [CURRENT_PHONE_NUMBER], [CURRENT_PERSONAL_EMAIL], [CURRENT_MARITAL_STATUS], [ETHNICITY], [SHAREHOLDER_STATUS], [BENEFIT_PLAN_ID]) VALUES (CAST(22 AS Numeric(18, 0)), N'132', N'Van', N'Phan', N'Bich', CAST(N'1992-07-08' AS Date), N'1124324353', N'324234243', N'Tan Phu, Ho Chi Minh', N'Tan Phu, Ho Chi Minh', N'Ho Chi Minh', N'Viet Nam', NULL, N'Female', N'084515222', N'bichvan@gmail.com', NULL, N'Viet      ', 2, CAST(3 AS Numeric(18, 0)))
INSERT [dbo].[PERSONAL] ([PERSONAL_ID], [EMPLOYEE_ID], [CURRENT_FIRST_NAME], [CURRENT_LAST_NAME], [CURRENT_MIDDLE_NAME], [BIRTH_DATE], [SOCIAL_SECURITY_NUMBER], [DRIVERS_LICENSE], [CURRENT_ADDRESS_1], [CURRENT_ADDRESS_2], [CURRENT_CITY], [CURRENT_COUNTRY], [CURRENT_ZIP], [CURRENT_GENDER], [CURRENT_PHONE_NUMBER], [CURRENT_PERSONAL_EMAIL], [CURRENT_MARITAL_STATUS], [ETHNICITY], [SHAREHOLDER_STATUS], [BENEFIT_PLAN_ID]) VALUES (CAST(23 AS Numeric(18, 0)), N'133', N'Linh', N'Phan', N'Thi', CAST(N'1997-05-20' AS Date), N'2343543545', N'452344354', N'Ba Dinh, Ha Noi', N'Ba Dinh, Ha Noi', N'Ha Noi', N'Viet Nam', NULL, N'Female', N'0415113135', N'thilinh@gmail.com', NULL, N'Viet      ', 3, CAST(3 AS Numeric(18, 0)))
INSERT [dbo].[PERSONAL] ([PERSONAL_ID], [EMPLOYEE_ID], [CURRENT_FIRST_NAME], [CURRENT_LAST_NAME], [CURRENT_MIDDLE_NAME], [BIRTH_DATE], [SOCIAL_SECURITY_NUMBER], [DRIVERS_LICENSE], [CURRENT_ADDRESS_1], [CURRENT_ADDRESS_2], [CURRENT_CITY], [CURRENT_COUNTRY], [CURRENT_ZIP], [CURRENT_GENDER], [CURRENT_PHONE_NUMBER], [CURRENT_PERSONAL_EMAIL], [CURRENT_MARITAL_STATUS], [ETHNICITY], [SHAREHOLDER_STATUS], [BENEFIT_PLAN_ID]) VALUES (CAST(24 AS Numeric(18, 0)), N'134', N'Hoa', N'Phan', N'Thi', CAST(N'1996-02-05' AS Date), N'235435546', N'234465654', N'Hoan Kiem, Ha Noi', N'Hoan Kiem, Ha Noi', N'Ha Noi', N'Viet Nam', NULL, N'Female', N'084561223', N'thihoa@gmail.com', NULL, N'Viet      ', 3, CAST(3 AS Numeric(18, 0)))
INSERT [dbo].[PERSONAL] ([PERSONAL_ID], [EMPLOYEE_ID], [CURRENT_FIRST_NAME], [CURRENT_LAST_NAME], [CURRENT_MIDDLE_NAME], [BIRTH_DATE], [SOCIAL_SECURITY_NUMBER], [DRIVERS_LICENSE], [CURRENT_ADDRESS_1], [CURRENT_ADDRESS_2], [CURRENT_CITY], [CURRENT_COUNTRY], [CURRENT_ZIP], [CURRENT_GENDER], [CURRENT_PHONE_NUMBER], [CURRENT_PERSONAL_EMAIL], [CURRENT_MARITAL_STATUS], [ETHNICITY], [SHAREHOLDER_STATUS], [BENEFIT_PLAN_ID]) VALUES (CAST(25 AS Numeric(18, 0)), N'135', N'Hung', N'Phan', N'Quang', CAST(N'1994-03-30' AS Date), N'3543545654', N'235354353', N'Dong Hoi, Quang Binh', N'Dong Hoi, Quang Binh', N'Quang Binh', N'Viet Nam', NULL, N'Male', N'0848651225', N'quanghung@gmail.com', NULL, N'Viet      ', 3, CAST(3 AS Numeric(18, 0)))
INSERT [dbo].[PERSONAL] ([PERSONAL_ID], [EMPLOYEE_ID], [CURRENT_FIRST_NAME], [CURRENT_LAST_NAME], [CURRENT_MIDDLE_NAME], [BIRTH_DATE], [SOCIAL_SECURITY_NUMBER], [DRIVERS_LICENSE], [CURRENT_ADDRESS_1], [CURRENT_ADDRESS_2], [CURRENT_CITY], [CURRENT_COUNTRY], [CURRENT_ZIP], [CURRENT_GENDER], [CURRENT_PHONE_NUMBER], [CURRENT_PERSONAL_EMAIL], [CURRENT_MARITAL_STATUS], [ETHNICITY], [SHAREHOLDER_STATUS], [BENEFIT_PLAN_ID]) VALUES (CAST(26 AS Numeric(18, 0)), N'136', N'Nguyet', N'Le', N'Thi', CAST(N'1998-04-06' AS Date), N'12423435345', N'235543535', N'Mo Duc, Quang Ngai', N'Mo Duc, Quang Ngai', N'Quang Ngai', N'Viet Nam', NULL, N'Female', N'0741323223', N'lenguyet@gmail.com', NULL, N'Viet      ', 3, CAST(4 AS Numeric(18, 0)))
INSERT [dbo].[PERSONAL] ([PERSONAL_ID], [EMPLOYEE_ID], [CURRENT_FIRST_NAME], [CURRENT_LAST_NAME], [CURRENT_MIDDLE_NAME], [BIRTH_DATE], [SOCIAL_SECURITY_NUMBER], [DRIVERS_LICENSE], [CURRENT_ADDRESS_1], [CURRENT_ADDRESS_2], [CURRENT_CITY], [CURRENT_COUNTRY], [CURRENT_ZIP], [CURRENT_GENDER], [CURRENT_PHONE_NUMBER], [CURRENT_PERSONAL_EMAIL], [CURRENT_MARITAL_STATUS], [ETHNICITY], [SHAREHOLDER_STATUS], [BENEFIT_PLAN_ID]) VALUES (CAST(27 AS Numeric(18, 0)), N'137', N'Chanh', N'Nguyen', N'Van', CAST(N'1999-06-07' AS Date), N'5634124443', N'34521323', N'Dai Loc, Quang Nam', N'Dai Loc, Quang Nam', N'Quang Nam', N'Viet Nam', NULL, N'Male', N'074512535', N'vanchanh@gmail.com', NULL, N'Viet      ', 3, CAST(4 AS Numeric(18, 0)))
INSERT [dbo].[PERSONAL] ([PERSONAL_ID], [EMPLOYEE_ID], [CURRENT_FIRST_NAME], [CURRENT_LAST_NAME], [CURRENT_MIDDLE_NAME], [BIRTH_DATE], [SOCIAL_SECURITY_NUMBER], [DRIVERS_LICENSE], [CURRENT_ADDRESS_1], [CURRENT_ADDRESS_2], [CURRENT_CITY], [CURRENT_COUNTRY], [CURRENT_ZIP], [CURRENT_GENDER], [CURRENT_PHONE_NUMBER], [CURRENT_PERSONAL_EMAIL], [CURRENT_MARITAL_STATUS], [ETHNICITY], [SHAREHOLDER_STATUS], [BENEFIT_PLAN_ID]) VALUES (CAST(28 AS Numeric(18, 0)), N'138', N'Hieu', N'Nguyen', N'Van', CAST(N'1995-12-06' AS Date), N'76432324434', N'56456576', N'Tam Ky, Qung Nam', N'Tam Ky, Quang Nam', N'Quang Nam', N'Viet Nam', NULL, N'Male', N'08481431', N'vanhieu@gmail.com', NULL, N'Viet      ', 3, CAST(4 AS Numeric(18, 0)))
INSERT [dbo].[PERSONAL] ([PERSONAL_ID], [EMPLOYEE_ID], [CURRENT_FIRST_NAME], [CURRENT_LAST_NAME], [CURRENT_MIDDLE_NAME], [BIRTH_DATE], [SOCIAL_SECURITY_NUMBER], [DRIVERS_LICENSE], [CURRENT_ADDRESS_1], [CURRENT_ADDRESS_2], [CURRENT_CITY], [CURRENT_COUNTRY], [CURRENT_ZIP], [CURRENT_GENDER], [CURRENT_PHONE_NUMBER], [CURRENT_PERSONAL_EMAIL], [CURRENT_MARITAL_STATUS], [ETHNICITY], [SHAREHOLDER_STATUS], [BENEFIT_PLAN_ID]) VALUES (CAST(29 AS Numeric(18, 0)), N'139', N'Yen', N'Nguyen', N'Kim', CAST(N'1996-03-18' AS Date), N'2354355535', N'46546456', N'Thang Binh, Quang Nam', N'Thang Binh, Quang Nam', N'Quang Nam', N'Viet Nam', NULL, N'Female', N'084523122', N'kimyen@gmail.com', NULL, N'Viet      ', 3, CAST(4 AS Numeric(18, 0)))
INSERT [dbo].[PERSONAL] ([PERSONAL_ID], [EMPLOYEE_ID], [CURRENT_FIRST_NAME], [CURRENT_LAST_NAME], [CURRENT_MIDDLE_NAME], [BIRTH_DATE], [SOCIAL_SECURITY_NUMBER], [DRIVERS_LICENSE], [CURRENT_ADDRESS_1], [CURRENT_ADDRESS_2], [CURRENT_CITY], [CURRENT_COUNTRY], [CURRENT_ZIP], [CURRENT_GENDER], [CURRENT_PHONE_NUMBER], [CURRENT_PERSONAL_EMAIL], [CURRENT_MARITAL_STATUS], [ETHNICITY], [SHAREHOLDER_STATUS], [BENEFIT_PLAN_ID]) VALUES (CAST(30 AS Numeric(18, 0)), N'140', N'Dung', N'Nguyen', N'Thi', CAST(N'1994-02-05' AS Date), N'4456576764', N'234543544', N'Nam Phuoc, Quang Nam', N'Nam Phuoc, Quang Nam', N'Quang Nam', N'Viet Nam', NULL, N'Female', N'07845123', N'thidung@gmail.com', NULL, N'Viet      ', 4, CAST(4 AS Numeric(18, 0)))
INSERT [dbo].[PERSONAL] ([PERSONAL_ID], [EMPLOYEE_ID], [CURRENT_FIRST_NAME], [CURRENT_LAST_NAME], [CURRENT_MIDDLE_NAME], [BIRTH_DATE], [SOCIAL_SECURITY_NUMBER], [DRIVERS_LICENSE], [CURRENT_ADDRESS_1], [CURRENT_ADDRESS_2], [CURRENT_CITY], [CURRENT_COUNTRY], [CURRENT_ZIP], [CURRENT_GENDER], [CURRENT_PHONE_NUMBER], [CURRENT_PERSONAL_EMAIL], [CURRENT_MARITAL_STATUS], [ETHNICITY], [SHAREHOLDER_STATUS], [BENEFIT_PLAN_ID]) VALUES (CAST(31 AS Numeric(18, 0)), N'141', N'Phuoc', N'Nguyen', N'Huu', CAST(N'1996-05-07' AS Date), N'1345346546', N'455654646', N'Hai Chau, Da Nang', N'Hai Chau, Da Nan', N'Da Nang', N'Viet Nam', NULL, N'Male', N'0151513565', N'huuphuoc@gmail.com', NULL, N'Viet      ', 4, CAST(1 AS Numeric(18, 0)))
INSERT [dbo].[PERSONAL] ([PERSONAL_ID], [EMPLOYEE_ID], [CURRENT_FIRST_NAME], [CURRENT_LAST_NAME], [CURRENT_MIDDLE_NAME], [BIRTH_DATE], [SOCIAL_SECURITY_NUMBER], [DRIVERS_LICENSE], [CURRENT_ADDRESS_1], [CURRENT_ADDRESS_2], [CURRENT_CITY], [CURRENT_COUNTRY], [CURRENT_ZIP], [CURRENT_GENDER], [CURRENT_PHONE_NUMBER], [CURRENT_PERSONAL_EMAIL], [CURRENT_MARITAL_STATUS], [ETHNICITY], [SHAREHOLDER_STATUS], [BENEFIT_PLAN_ID]) VALUES (CAST(32 AS Numeric(18, 0)), N'142', N'An', N'Nguyen', N'Hoang', CAST(N'1992-07-01' AS Date), N'4453452325', N'333345345', N'Que Son, Quang Nam', N'Que Son, Quang Nam', N'Quang Nam', N'Viet Nam', NULL, N'Male', N'08456156', N'hoangan@gmail.com', NULL, N'Viet      ', 4, CAST(2 AS Numeric(18, 0)))
INSERT [dbo].[PERSONAL] ([PERSONAL_ID], [EMPLOYEE_ID], [CURRENT_FIRST_NAME], [CURRENT_LAST_NAME], [CURRENT_MIDDLE_NAME], [BIRTH_DATE], [SOCIAL_SECURITY_NUMBER], [DRIVERS_LICENSE], [CURRENT_ADDRESS_1], [CURRENT_ADDRESS_2], [CURRENT_CITY], [CURRENT_COUNTRY], [CURRENT_ZIP], [CURRENT_GENDER], [CURRENT_PHONE_NUMBER], [CURRENT_PERSONAL_EMAIL], [CURRENT_MARITAL_STATUS], [ETHNICITY], [SHAREHOLDER_STATUS], [BENEFIT_PLAN_ID]) VALUES (CAST(33 AS Numeric(18, 0)), N'143', N'Trinh', N'Truon', N'Kieu', CAST(N'1999-05-08' AS Date), N'4555434252', N'6324324243', N'Me Linh, Ha Noi', N'Me Linh, Ha Noi', N'Ha Noi', N'Viet Nam', NULL, N'Female', N'04512123', N'kieytrinh@gmail.com', NULL, N'Viet      ', 4, CAST(3 AS Numeric(18, 0)))
INSERT [dbo].[PERSONAL] ([PERSONAL_ID], [EMPLOYEE_ID], [CURRENT_FIRST_NAME], [CURRENT_LAST_NAME], [CURRENT_MIDDLE_NAME], [BIRTH_DATE], [SOCIAL_SECURITY_NUMBER], [DRIVERS_LICENSE], [CURRENT_ADDRESS_1], [CURRENT_ADDRESS_2], [CURRENT_CITY], [CURRENT_COUNTRY], [CURRENT_ZIP], [CURRENT_GENDER], [CURRENT_PHONE_NUMBER], [CURRENT_PERSONAL_EMAIL], [CURRENT_MARITAL_STATUS], [ETHNICITY], [SHAREHOLDER_STATUS], [BENEFIT_PLAN_ID]) VALUES (CAST(34 AS Numeric(18, 0)), N'144', N'Man', N'Nguyen', N'Duc', CAST(N'1999-02-23' AS Date), N'454353453', N'4432423455', N'Hoan Kiem, Ha Noi', N'Hoan Kiem, Ha Noi', N'Ha Noi', N'Viet Nam', NULL, N'Female', N'064151252', N'ducman@gmail.com', NULL, N'Viet      ', 4, CAST(4 AS Numeric(18, 0)))
INSERT [dbo].[PERSONAL] ([PERSONAL_ID], [EMPLOYEE_ID], [CURRENT_FIRST_NAME], [CURRENT_LAST_NAME], [CURRENT_MIDDLE_NAME], [BIRTH_DATE], [SOCIAL_SECURITY_NUMBER], [DRIVERS_LICENSE], [CURRENT_ADDRESS_1], [CURRENT_ADDRESS_2], [CURRENT_CITY], [CURRENT_COUNTRY], [CURRENT_ZIP], [CURRENT_GENDER], [CURRENT_PHONE_NUMBER], [CURRENT_PERSONAL_EMAIL], [CURRENT_MARITAL_STATUS], [ETHNICITY], [SHAREHOLDER_STATUS], [BENEFIT_PLAN_ID]) VALUES (CAST(35 AS Numeric(18, 0)), N'145', N'Anh', N'Vo', N'Van', CAST(N'1999-07-14' AS Date), N'757465478', N'896792948', N'Dai Loc, Quang Nam', N'Dai Loc, Quang Nam', N'Quang Nam', N'Viet Nam', NULL, N'Female', N'084651152', N'vananh@gmail.com', NULL, N'Viet      ', 4, CAST(1 AS Numeric(18, 0)))
INSERT [dbo].[PERSONAL] ([PERSONAL_ID], [EMPLOYEE_ID], [CURRENT_FIRST_NAME], [CURRENT_LAST_NAME], [CURRENT_MIDDLE_NAME], [BIRTH_DATE], [SOCIAL_SECURITY_NUMBER], [DRIVERS_LICENSE], [CURRENT_ADDRESS_1], [CURRENT_ADDRESS_2], [CURRENT_CITY], [CURRENT_COUNTRY], [CURRENT_ZIP], [CURRENT_GENDER], [CURRENT_PHONE_NUMBER], [CURRENT_PERSONAL_EMAIL], [CURRENT_MARITAL_STATUS], [ETHNICITY], [SHAREHOLDER_STATUS], [BENEFIT_PLAN_ID]) VALUES (CAST(36 AS Numeric(18, 0)), N'146', N'Trieu', N'Nguyen', N'Ba', CAST(N'1993-06-07' AS Date), N'666688999', N'988788787', N'Que Son, Quang Nam', N'Que Son, Quang Nam', N'Quang Nam', N'Viet Nam', NULL, N'Male', N'088888522', N'batrieu@gmail.com', NULL, N'Viet      ', 4, CAST(2 AS Numeric(18, 0)))
INSERT [dbo].[PERSONAL] ([PERSONAL_ID], [EMPLOYEE_ID], [CURRENT_FIRST_NAME], [CURRENT_LAST_NAME], [CURRENT_MIDDLE_NAME], [BIRTH_DATE], [SOCIAL_SECURITY_NUMBER], [DRIVERS_LICENSE], [CURRENT_ADDRESS_1], [CURRENT_ADDRESS_2], [CURRENT_CITY], [CURRENT_COUNTRY], [CURRENT_ZIP], [CURRENT_GENDER], [CURRENT_PHONE_NUMBER], [CURRENT_PERSONAL_EMAIL], [CURRENT_MARITAL_STATUS], [ETHNICITY], [SHAREHOLDER_STATUS], [BENEFIT_PLAN_ID]) VALUES (CAST(37 AS Numeric(18, 0)), N'147', N'Dung', N'Huynh', N'The', CAST(N'1995-06-12' AS Date), N'756856876', N'387374564', N'Thang Binh, Quang Nam', N'Thang Binh, Quang Nam', N'Quang Nam', N'Viet Nam', NULL, N'Male', N'084511255', N'thedung@gmail.com', NULL, N'Viet      ', 4, CAST(1 AS Numeric(18, 0)))
INSERT [dbo].[PERSONAL] ([PERSONAL_ID], [EMPLOYEE_ID], [CURRENT_FIRST_NAME], [CURRENT_LAST_NAME], [CURRENT_MIDDLE_NAME], [BIRTH_DATE], [SOCIAL_SECURITY_NUMBER], [DRIVERS_LICENSE], [CURRENT_ADDRESS_1], [CURRENT_ADDRESS_2], [CURRENT_CITY], [CURRENT_COUNTRY], [CURRENT_ZIP], [CURRENT_GENDER], [CURRENT_PHONE_NUMBER], [CURRENT_PERSONAL_EMAIL], [CURRENT_MARITAL_STATUS], [ETHNICITY], [SHAREHOLDER_STATUS], [BENEFIT_PLAN_ID]) VALUES (CAST(38 AS Numeric(18, 0)), N'148', N'Nguyen', N'Bao', N'Le', CAST(N'1992-06-08' AS Date), N'543534554', N'634634645', N'Mo Duc 2, Quang Ngai', N'Mo Duc 2, Quang Ngai', N'Quang Ngai', N'Viet Nam', NULL, N'Female', N'084512125', N'baotram@gmail.com', NULL, N'Viet      ', 4, CAST(2 AS Numeric(18, 0)))
INSERT [dbo].[PERSONAL] ([PERSONAL_ID], [EMPLOYEE_ID], [CURRENT_FIRST_NAME], [CURRENT_LAST_NAME], [CURRENT_MIDDLE_NAME], [BIRTH_DATE], [SOCIAL_SECURITY_NUMBER], [DRIVERS_LICENSE], [CURRENT_ADDRESS_1], [CURRENT_ADDRESS_2], [CURRENT_CITY], [CURRENT_COUNTRY], [CURRENT_ZIP], [CURRENT_GENDER], [CURRENT_PHONE_NUMBER], [CURRENT_PERSONAL_EMAIL], [CURRENT_MARITAL_STATUS], [ETHNICITY], [SHAREHOLDER_STATUS], [BENEFIT_PLAN_ID]) VALUES (CAST(39 AS Numeric(18, 0)), N'149', N'Yen', N'Nguyen', N'Thi', CAST(N'1992-05-08' AS Date), N'45523524', N'234234525', N'Cam Le, Da Nang', N'Cam Le, Da Nang', N'Da Nang', N'Viet Nam', NULL, N'Female', N'041512122', N'thiyen@gmail.com', NULL, N'Viet      ', 4, CAST(3 AS Numeric(18, 0)))
INSERT [dbo].[PERSONAL] ([PERSONAL_ID], [EMPLOYEE_ID], [CURRENT_FIRST_NAME], [CURRENT_LAST_NAME], [CURRENT_MIDDLE_NAME], [BIRTH_DATE], [SOCIAL_SECURITY_NUMBER], [DRIVERS_LICENSE], [CURRENT_ADDRESS_1], [CURRENT_ADDRESS_2], [CURRENT_CITY], [CURRENT_COUNTRY], [CURRENT_ZIP], [CURRENT_GENDER], [CURRENT_PHONE_NUMBER], [CURRENT_PERSONAL_EMAIL], [CURRENT_MARITAL_STATUS], [ETHNICITY], [SHAREHOLDER_STATUS], [BENEFIT_PLAN_ID]) VALUES (CAST(40 AS Numeric(18, 0)), N'150', N'Tri', N'Tran', N'Minh', CAST(N'1993-05-07' AS Date), N'576748846', N'756785389', N'Cam Le, Da Nang', N'Cam Le, Da Nang', N'Da Nang', N'Viet Nam', NULL, N'Male', N'051352121', N'minhtri@gmail.com', NULL, N'Viet      ', 4, CAST(4 AS Numeric(18, 0)))
GO
ALTER TABLE [dbo].[EMPLOYMENT_WORKING_TIME]  WITH CHECK ADD  CONSTRAINT [FK_EMPLOYMENT_WORKING_TIME_EMPLOYMENT] FOREIGN KEY([EMPLOYMENT_ID])
REFERENCES [dbo].[EMPLOYMENT] ([EMPLOYMENT_ID])
GO
ALTER TABLE [dbo].[EMPLOYMENT_WORKING_TIME] CHECK CONSTRAINT [FK_EMPLOYMENT_WORKING_TIME_EMPLOYMENT]
GO
ALTER TABLE [dbo].[JOB_HISTORY]  WITH CHECK ADD  CONSTRAINT [FK_JOB_HISTORY_EMPLOYMENT] FOREIGN KEY([EMPLOYMENT_ID])
REFERENCES [dbo].[EMPLOYMENT] ([EMPLOYMENT_ID])
GO
ALTER TABLE [dbo].[JOB_HISTORY] CHECK CONSTRAINT [FK_JOB_HISTORY_EMPLOYMENT]
GO
ALTER TABLE [dbo].[PERSONAL]  WITH CHECK ADD  CONSTRAINT [FK_PERSONAL_BENEFIT_PLANS] FOREIGN KEY([BENEFIT_PLAN_ID])
REFERENCES [dbo].[BENEFIT_PLANS] ([BENEFIT_PLANS_ID])
GO
ALTER TABLE [dbo].[PERSONAL] CHECK CONSTRAINT [FK_PERSONAL_BENEFIT_PLANS]
GO
ALTER TABLE [dbo].[PERSONAL]  WITH CHECK ADD  CONSTRAINT [FK_PERSONAL_EMPLOYMENT] FOREIGN KEY([EMPLOYEE_ID])
REFERENCES [dbo].[EMPLOYMENT] ([EMPLOYMENT_ID])
GO
ALTER TABLE [dbo].[PERSONAL] CHECK CONSTRAINT [FK_PERSONAL_EMPLOYMENT]
GO
EXEC sys.sp_addextendedproperty @name=N'MS_Description', @value=N'MÃ CÔNG VIỆC' , @level0type=N'SCHEMA',@level0name=N'dbo', @level1type=N'TABLE',@level1name=N'EMPLOYMENT', @level2type=N'COLUMN',@level2name=N'WORKERS_COMP_CODE'
GO
USE [master]
GO
ALTER DATABASE [HRM] SET  READ_WRITE 
GO
